,ETF,Date,returns
0,EWY,2016-11-07,1.0
1,EWY,2016-11-08,1.01093974558
2,EWY,2016-11-09,0.963594009042
3,EWY,2016-11-10,0.952474943903
4,EWY,2016-11-11,0.947812054514
5,EWY,2016-11-14,0.938486475385
6,EWY,2016-11-15,0.948888117081
7,EWY,2016-11-16,0.939921104475
8,EWY,2016-11-17,0.939562465352
9,EWY,2016-11-18,0.931671515313
10,EWY,2016-11-21,0.935437607247
11,EWY,2016-11-22,0.958213823259
12,EWY,2016-11-23,0.946915384108
13,EWY,2016-11-25,0.951040169615
14,EWY,2016-11-28,0.951040169615
15,EWY,2016-11-29,0.957675791975
16,EWY,2016-11-30,0.95516502772
17,EWY,2016-12-01,0.958751800093
18,EWY,2016-12-02,0.955703059003
19,EWY,2016-12-05,0.960186574381
20,EWY,2016-12-06,0.964670071609
21,EWY,2016-12-07,0.985473500199
22,EWY,2016-12-08,0.99372314381
23,EWY,2016-12-09,0.986370170605
24,EWY,2016-12-12,0.987446233171
25,EWY,2016-12-13,0.995695876783
26,EWY,2016-12-14,0.969512280559
27,EWY,2016-12-15,0.971843598205
28,EWY,2016-12-16,0.972561021648
29,EWY,2016-12-19,0.973098980332
30,EWY,2016-12-20,0.973098980332
31,EWY,2016-12-21,0.96828929574
32,EWY,2016-12-22,0.957762475197
33,EWY,2016-12-23,0.963570396213
34,EWY,2016-12-27,0.963388934981
35,EWY,2016-12-28,0.961755457195
36,EWY,2016-12-29,0.971737803293
37,EWY,2016-12-30,0.965929882276
38,EWY,2017-01-03,0.980631146051
39,EWY,2017-01-04,0.987346609176
40,EWY,2017-01-05,0.997147421443
41,EWY,2017-01-06,0.986257587686
42,EWY,2017-01-09,0.984442648668
43,EWY,2017-01-10,0.988617073749
44,EWY,2017-01-11,1.01620471673
45,EWY,2017-01-12,1.0294540184
46,EWY,2017-01-13,1.0289094895
47,EWY,2017-01-17,1.03598794769
48,EWY,2017-01-18,1.02110507749
49,EWY,2017-01-19,1.01929013847
50,EWY,2017-01-20,1.01929013847
51,EWY,2017-01-23,1.03380992286
52,EWY,2017-01-24,1.0334469278
53,EWY,2017-01-25,1.04469981107
54,EWY,2017-01-26,1.04088830845
55,EWY,2017-01-27,1.03816589992
56,EWY,2017-01-30,1.03671388337
57,EWY,2017-01-31,1.05050773209
58,EWY,2017-02-01,1.0508707453
59,EWY,2017-02-02,1.06067155757
60,EWY,2017-02-03,1.06920195971
61,EWY,2017-02-06,1.06738700254
62,EWY,2017-02-07,1.05686012755
63,EWY,2017-02-08,1.05286714555
64,EWY,2017-02-09,1.05395616704
65,EWY,2017-02-10,1.05486363655
66,EWY,2017-02-13,1.05413770087
67,EWY,2017-02-14,1.05522663161
68,EWY,2017-02-15,1.06720546871
69,EWY,2017-02-16,1.05540818359
70,EWY,2017-02-17,1.05214120987
71,EWY,2017-02-21,1.07210592022
72,EWY,2017-02-22,1.07446540628
73,EWY,2017-02-23,1.08027330915
74,EWY,2017-02-24,1.07210592022
75,EWY,2017-02-27,1.06484598265
76,EWY,2017-02-28,1.06284956425
77,EWY,2017-03-01,1.06992796799
78,EWY,2017-03-02,1.05558964483
79,EWY,2017-03-03,1.04778525096
80,EWY,2017-03-06,1.04705924268
81,EWY,2017-03-07,1.05395616704
82,EWY,2017-03-08,1.04960026258
83,EWY,2017-03-09,1.04252180439
84,EWY,2017-03-10,1.05921961361
85,EWY,2017-03-13,1.07646187913
86,EWY,2017-03-14,1.07718781481
87,EWY,2017-03-15,1.11276138549
88,EWY,2017-03-16,1.11003890436
89,EWY,2017-03-17,1.11239839042
90,EWY,2017-03-20,1.12982213532
91,EWY,2017-03-21,1.12219927529
92,EWY,2017-03-22,1.13163707434
93,EWY,2017-03-23,1.12673671358
94,EWY,2017-03-24,1.13381509917
95,EWY,2017-03-27,1.13327057028
96,EWY,2017-03-28,1.1325446346
97,EWY,2017-03-29,1.13454103485
98,EWY,2017-03-30,1.1280071963
99,EWY,2017-03-31,1.12292521097
100,EWY,2017-04-03,1.12655517975
101,EWY,2017-04-04,1.11639128167
102,EWY,2017-04-05,1.10786095213
103,EWY,2017-04-06,1.10441244457
104,EWY,2017-04-07,1.09533756799
105,EWY,2017-04-10,1.08027330915
106,EWY,2017-04-11,1.07283192849
107,EWY,2017-04-12,1.08354028287
108,EWY,2017-04-13,1.08753317412
109,EWY,2017-04-17,1.09842306233
110,EWY,2017-04-18,1.08099931742
111,EWY,2017-04-19,1.07682489234
112,EWY,2017-04-20,1.09787860603
113,EWY,2017-04-21,1.10640893557
114,EWY,2017-04-24,1.11403186821
115,EWY,2017-04-25,1.13127415188
116,EWY,2017-04-26,1.12891466581
117,EWY,2017-04-27,1.12746264926
118,EWY,2017-04-28,1.12709963605
119,EWY,2017-05-01,1.13345210411
120,EWY,2017-05-02,1.14869789678
121,EWY,2017-05-03,1.1405304897
122,EWY,2017-05-04,1.14361591144
123,EWY,2017-05-05,1.15087584901
124,EWY,2017-05-08,1.18027843101
125,EWY,2017-05-09,1.19134978045
126,EWY,2017-05-10,1.17864500767
127,EWY,2017-05-11,1.19770217591
128,EWY,2017-05-12,1.19570568491
129,EWY,2017-05-15,1.20714012016
130,EWY,2017-05-16,1.20841060288
131,EWY,2017-05-17,1.18717542796
132,EWY,2017-05-18,1.18826435871
133,EWY,2017-05-19,1.21185896524
134,EWY,2017-05-22,1.21730394564
135,EWY,2017-05-23,1.21240356673
136,EWY,2017-05-24,1.22002642677
137,EWY,2017-05-25,1.23273119954
138,EWY,2017-05-26,1.24216914379
139,EWY,2017-05-30,1.22474539889
140,EWY,2017-05-31,1.22910130336
141,EWY,2017-06-01,1.22946424397
142,EWY,2017-06-02,1.24616212579
143,EWY,2017-06-05,1.24325809268
144,EWY,2017-06-06,1.24325809268
145,EWY,2017-06-07,1.23091626052
146,EWY,2017-06-08,1.23944666267
147,EWY,2017-06-09,1.2330942672
148,EWY,2017-06-12,1.2202079606
149,EWY,2017-06-13,1.23672416339
150,EWY,2017-06-14,1.24380256713
151,EWY,2017-06-15,1.22329340049
152,EWY,2017-06-16,1.22093384183
153,EWY,2017-06-19,1.22819376125
154,EWY,2017-06-20,1.21385543809
155,EWY,2017-06-21,1.21312942981
156,EWY,2017-06-22,1.2242007974
157,EWY,2017-06-23,1.23490922437
158,EWY,2017-06-26,1.24108006785
159,EWY,2017-06-27,1.22946424397
160,EWY,2017-06-28,1.2370872492
161,EWY,2017-06-29,1.2222043064
162,EWY,2017-06-30,1.23073472669
163,EWY,2017-07-03,1.23055331991
164,EWY,2017-07-05,1.2216598501
165,EWY,2017-07-06,1.20786612844
166,EWY,2017-07-07,1.21512592081
167,EWY,2017-07-10,1.22311184851
168,EWY,2017-07-11,1.22528987334
169,EWY,2017-07-12,1.24688798887
170,EWY,2017-07-13,1.25432946027
171,EWY,2017-07-14,1.27828711632
172,EWY,2017-07-17,1.27084566307
173,EWY,2017-07-18,1.27883159076
174,EWY,2017-07-19,1.28336902906
175,EWY,2017-07-20,1.28772493352
176,EWY,2017-07-21,1.29698134394
177,EWY,2017-07-24,1.30042985149
178,EWY,2017-07-25,1.2918994312
179,EWY,2017-07-26,1.29897783494
180,EWY,2017-07-27,1.2884509418
181,EWY,2017-07-28,1.26394879316
182,EWY,2017-07-31,1.26503774205
183,EWY,2017-08-01,1.27502016075
184,EWY,2017-08-02,1.27266074728
185,EWY,2017-08-03,1.24652504826
186,EWY,2017-08-04,1.25559992485
187,EWY,2017-08-07,1.25959290684
188,EWY,2017-08-08,1.24888447987
189,EWY,2017-08-09,1.22456386506
190,EWY,2017-08-10,1.19443522034
191,EWY,2017-08-11,1.19824665035
192,EWY,2017-08-14,1.22147844332
193,EWY,2017-08-15,1.22728636434
194,EWY,2017-08-16,1.22837529508
195,EWY,2017-08-17,1.21185896524
196,EWY,2017-08-18,1.2242007974
197,EWY,2017-08-21,1.22401939062
198,EWY,2017-08-22,1.24343962652
199,EWY,2017-08-23,1.24089867922
200,EWY,2017-08-24,1.24961047
201,EWY,2017-08-25,1.25777794968
202,EWY,2017-08-28,1.25414790829
203,EWY,2017-08-29,1.24380256713
204,EWY,2017-08-30,1.24561750615
205,EWY,2017-08-31,1.24271361824
206,EWY,2017-09-01,1.24616212579
207,EWY,2017-09-05,1.21113308401
208,EWY,2017-09-06,1.21512592081
209,EWY,2017-09-07,1.23091626052
210,EWY,2017-09-08,1.22238584023
211,EWY,2017-09-11,1.24253208441
212,EWY,2017-09-12,1.23980960328
213,EWY,2017-09-13,1.23291273337
214,EWY,2017-09-14,1.23980960328
215,EWY,2017-09-15,1.24743259036
216,EWY,2017-09-18,1.26757868934
217,EWY,2017-09-19,1.27175320517
218,EWY,2017-09-20,1.26503774205
219,EWY,2017-09-21,1.26485633527
220,EWY,2017-09-22,1.25832242412
221,EWY,2017-09-25,1.25015494444
222,EWY,2017-09-26,1.24688798887
223,EWY,2017-09-27,1.23690571537
224,EWY,2017-09-28,1.23527216499
225,EWY,2017-09-29,1.25342191816
226,EWY,2017-10-02,1.25632593312
227,EWY,2017-10-03,1.26830469762
228,EWY,2017-10-04,1.26993824801
229,EWY,2017-10-05,1.27955759904
230,EWY,2017-10-06,1.27465722013
231,EWY,2017-10-09,1.27374967802
232,EWY,2017-10-10,1.28990295835
233,EWY,2017-10-11,1.30278926496
234,EWY,2017-10-12,1.31059365882
235,EWY,2017-10-13,1.32202794888
236,EWY,2017-10-16,1.3133161581
237,EWY,2017-10-17,1.31313460612
238,EWY,2017-10-18,1.31622004601
239,EWY,2017-10-19,1.30732670325
240,EWY,2017-10-20,1.31730912195
241,EWY,2017-10-23,1.3133161581
242,EWY,2017-10-24,1.31985006924
243,EWY,2017-10-25,1.3193055948
244,EWY,2017-10-26,1.31313460612
245,EWY,2017-10-27,1.33436979919
246,EWY,2017-10-30,1.32729139545
247,EWY,2017-10-31,1.35687558388
248,EWY,2017-11-01,1.3835557392
249,EWY,2017-11-02,1.37702182805
250,EWY,2017-11-03,1.3755698115
251,EWY,2017-11-06,1.37702182805
252,FBGX,2016-11-07,1.0
253,FBGX,2016-11-08,1.01017830751
254,FBGX,2016-11-09,1.0240436716
255,FBGX,2016-11-10,1.01514825708
256,FBGX,2016-11-11,1.01313570512
257,FBGX,2016-11-14,1.0049931559
258,FBGX,2016-11-15,1.02027972148
259,FBGX,2016-11-16,1.02619452438
260,FBGX,2016-11-17,1.04294063067
261,FBGX,2016-11-18,1.03564306537
262,FBGX,2016-11-21,1.04870188463
263,FBGX,2016-11-22,1.05576900745
264,FBGX,2016-11-23,1.05514673057
265,FBGX,2016-11-25,1.06076204813
266,FBGX,2016-11-28,1.05361815467
267,FBGX,2016-11-29,1.06212945487
268,FBGX,2016-11-30,1.04516826944
269,FBGX,2016-12-01,1.01674610629
270,FBGX,2016-12-02,1.02289146689
271,FBGX,2016-12-05,1.03579661431
272,FBGX,2016-12-06,1.04009833523
273,FBGX,2016-12-07,1.06660019562
274,FBGX,2016-12-08,1.07251499852
275,FBGX,2016-12-09,1.08119532623
276,FBGX,2016-12-12,1.07574128538
277,FBGX,2016-12-13,1.09640500595
278,FBGX,2016-12-14,1.08204031782
279,FBGX,2016-12-15,1.08695658019
280,FBGX,2016-12-16,1.08319252253
281,FBGX,2016-12-19,1.08861584437
282,FBGX,2016-12-20,1.09379326054
283,FBGX,2016-12-21,1.09194962086
284,FBGX,2016-12-22,1.0830389659
285,FBGX,2016-12-23,1.08741746514
286,FBGX,2016-12-27,1.0947919163
287,FBGX,2016-12-28,1.07796903937
288,FBGX,2016-12-29,1.07727771194
289,FBGX,2016-12-30,1.06410356006
290,FBGX,2017-01-03,1.08065755542
291,FBGX,2017-01-04,1.0989477085
292,FBGX,2017-01-05,1.10178215327
293,FBGX,2017-01-06,1.11614695662
294,FBGX,2017-01-09,1.11507153023
295,FBGX,2017-01-10,1.11656177459
296,FBGX,2017-01-11,1.11449542788
297,FBGX,2017-01-12,1.11473348289
298,FBGX,2017-01-13,1.12244586616
299,FBGX,2017-01-17,1.11315111225
300,FBGX,2017-01-18,1.1189123662
301,FBGX,2017-01-19,1.11622373493
302,FBGX,2017-01-20,1.11691505468
303,FBGX,2017-01-23,1.11921195909
304,FBGX,2017-01-24,1.13304661186
305,FBGX,2017-01-25,1.1477416042
306,FBGX,2017-01-26,1.145490882
307,FBGX,2017-01-27,1.14554468443
308,FBGX,2017-01-30,1.13527424295
309,FBGX,2017-01-31,1.13243206274
310,FBGX,2017-02-01,1.13888464413
311,FBGX,2017-02-02,1.13758650302
312,FBGX,2017-02-03,1.15186668508
313,FBGX,2017-02-06,1.14610543112
314,FBGX,2017-02-07,1.15293449893
315,FBGX,2017-02-08,1.1594484876
316,FBGX,2017-02-09,1.17214629133
317,FBGX,2017-02-10,1.1782148813
318,FBGX,2017-02-13,1.18781697123
319,FBGX,2017-02-14,1.19403910246
320,FBGX,2017-02-15,1.21001699547
321,FBGX,2017-02-16,1.20523130617
322,FBGX,2017-02-17,1.2098633313
323,FBGX,2017-02-21,1.22253804392
324,FBGX,2017-02-22,1.22338303552
325,FBGX,2017-02-23,1.2196190854
326,FBGX,2017-02-24,1.22584122431
327,FBGX,2017-02-27,1.23106470746
328,FBGX,2017-02-28,1.22061762594
329,FBGX,2017-03-01,1.25372573188
330,FBGX,2017-03-02,1.23751739639
331,FBGX,2017-03-03,1.24105090404
332,FBGX,2017-03-06,1.23636507647
333,FBGX,2017-03-07,1.225764446
334,FBGX,2017-03-08,1.23352289626
335,FBGX,2017-03-09,1.23138739146
336,FBGX,2017-03-10,1.23992166753
337,FBGX,2017-03-13,1.24335542866
338,FBGX,2017-03-14,1.23513597823
339,FBGX,2017-03-15,1.25879554318
340,FBGX,2017-03-16,1.24986942502
341,FBGX,2017-03-17,1.25357968025
342,FBGX,2017-03-20,1.25049932212
343,FBGX,2017-03-21,1.22292215056
344,FBGX,2017-03-22,1.2302966094
345,FBGX,2017-03-23,1.22906751117
346,FBGX,2017-03-24,1.22023363452
347,FBGX,2017-03-27,1.22829929788
348,FBGX,2017-03-28,1.24151178131
349,FBGX,2017-03-29,1.24565995329
350,FBGX,2017-03-30,1.24950078926
351,FBGX,2017-03-31,1.25142120725
352,FBGX,2017-04-03,1.24191124361
353,FBGX,2017-04-04,1.23989869933
354,FBGX,2017-04-05,1.23805505198
355,FBGX,2017-04-06,1.23790912326
356,FBGX,2017-04-07,1.24420041258
357,FBGX,2017-04-10,1.24005998372
358,FBGX,2017-04-11,1.23206335554
359,FBGX,2017-04-12,1.22714709318
360,FBGX,2017-04-13,1.23260113403
361,FBGX,2017-04-17,1.23697962559
362,FBGX,2017-04-18,1.23532808916
363,FBGX,2017-04-19,1.23275468297
364,FBGX,2017-04-20,1.25841155177
365,FBGX,2017-04-21,1.25180531389
366,FBGX,2017-04-24,1.27561842779
367,FBGX,2017-04-25,1.29336306693
368,FBGX,2017-04-26,1.29274851782
369,FBGX,2017-04-27,1.30280387248
370,FBGX,2017-04-28,1.301659288
371,FBGX,2017-05-01,1.31418045168
372,FBGX,2017-05-02,1.31425722231
373,FBGX,2017-05-03,1.30626833726
374,FBGX,2017-05-04,1.31295135344
375,FBGX,2017-05-05,1.31878938571
376,FBGX,2017-05-08,1.32186212362
377,FBGX,2017-05-09,1.32585662376
378,FBGX,2017-05-10,1.32708560677
379,FBGX,2017-05-11,1.32232300089
380,FBGX,2017-05-12,1.32455063967
381,FBGX,2017-05-15,1.33307729553
382,FBGX,2017-05-16,1.33346140217
383,FBGX,2017-05-17,1.29443850101
384,FBGX,2017-05-18,1.30089118994
385,FBGX,2017-05-19,1.31233680432
386,FBGX,2017-05-22,1.32985874412
387,FBGX,2017-05-23,1.33150266032
388,FBGX,2017-05-24,1.34237217235
389,FBGX,2017-05-25,1.36294364373
390,FBGX,2017-05-26,1.36228302762
391,FBGX,2017-05-30,1.36219090133
392,FBGX,2017-05-31,1.3638039833
393,FBGX,2017-06-01,1.37978187631
394,FBGX,2017-06-02,1.4021355724
395,FBGX,2017-06-05,1.40190512992
396,FBGX,2017-06-06,1.39230303999
397,FBGX,2017-06-07,1.39199582689
398,FBGX,2017-06-08,1.3952374694
399,FBGX,2017-06-09,1.36994934391
400,FBGX,2017-06-12,1.35565381387
401,FBGX,2017-06-13,1.37717013858
402,FBGX,2017-06-14,1.36541718818
403,FBGX,2017-06-15,1.37041022886
404,FBGX,2017-06-16,1.36434176179
405,FBGX,2017-06-19,1.39529888437
406,FBGX,2017-06-20,1.38174074107
407,FBGX,2017-06-21,1.38616541483
408,FBGX,2017-06-22,1.38904604181
409,FBGX,2017-06-23,1.3959902118
410,FBGX,2017-06-26,1.39314803159
411,FBGX,2017-06-27,1.36503308154
412,FBGX,2017-06-28,1.3873329752
413,FBGX,2017-06-29,1.3553542133
414,FBGX,2017-06-30,1.36610850793
415,FBGX,2017-07-03,1.35560774688
416,FBGX,2017-07-05,1.36134590974
417,FBGX,2017-07-06,1.33599636927
418,FBGX,2017-07-07,1.36057769645
419,FBGX,2017-07-10,1.36971890911
420,FBGX,2017-07-11,1.36607780429
421,FBGX,2017-07-12,1.40036881858
422,FBGX,2017-07-13,1.40219698737
423,FBGX,2017-07-14,1.42203107201
424,FBGX,2017-07-17,1.41842067851
425,FBGX,2017-07-18,1.42410515416
426,FBGX,2017-07-19,1.43923806326
427,FBGX,2017-07-20,1.44283310109
428,FBGX,2017-07-21,1.43986022491
429,FBGX,2017-07-24,1.44146569435
430,FBGX,2017-07-25,1.44484564537
431,FBGX,2017-07-26,1.44891692382
432,FBGX,2017-07-27,1.43340003099
433,FBGX,2017-07-28,1.43532044897
434,FBGX,2017-07-31,1.42807657088
435,FBGX,2017-08-01,1.42948230148
436,FBGX,2017-08-02,1.43071139972
437,FBGX,2017-08-03,1.43002007997
438,FBGX,2017-08-04,1.43324636682
439,FBGX,2017-08-07,1.4435397765
440,FBGX,2017-08-08,1.43670309615
441,FBGX,2017-08-09,1.42817643261
442,FBGX,2017-08-10,1.3912276136
443,FBGX,2017-08-11,1.40620685085
444,FBGX,2017-08-14,1.43831629335
445,FBGX,2017-08-15,1.43731764527
446,FBGX,2017-08-16,1.44715017
447,FBGX,2017-08-17,1.40536185925
448,FBGX,2017-08-18,1.40424036588
449,FBGX,2017-08-21,1.39614387596
450,FBGX,2017-08-22,1.43647265367
451,FBGX,2017-08-23,1.42100170492
452,FBGX,2017-08-24,1.41696126071
453,FBGX,2017-08-25,1.41838996719
454,FBGX,2017-08-28,1.42233840802
455,FBGX,2017-08-29,1.42233840802
456,FBGX,2017-08-30,1.4508373418
457,FBGX,2017-08-31,1.47257648877
458,FBGX,2017-09-01,1.47541878421
459,FBGX,2017-09-05,1.45475507131
460,FBGX,2017-09-06,1.46028588279
461,FBGX,2017-09-07,1.47180839071
462,FBGX,2017-09-08,1.46412671877
463,FBGX,2017-09-11,1.48893848842
464,FBGX,2017-09-12,1.48924570153
465,FBGX,2017-09-13,1.49062846393
466,FBGX,2017-09-14,1.48678762796
467,FBGX,2017-09-15,1.49224155358
468,FBGX,2017-09-18,1.49577516877
469,FBGX,2017-09-19,1.49615927541
470,FBGX,2017-09-20,1.49485340654
471,FBGX,2017-09-21,1.49485340654
472,FBGX,2017-09-22,1.48479031644
473,FBGX,2017-09-25,1.4631049719
474,FBGX,2017-09-26,1.46981107919
475,FBGX,2017-09-27,1.49047479976
476,FBGX,2017-09-28,1.48817027514
477,FBGX,2017-09-29,1.50637591446
478,FBGX,2017-10-02,1.51136895514
479,FBGX,2017-10-03,1.51935784019
480,FBGX,2017-10-04,1.52266102058
481,FBGX,2017-10-05,1.54217242123
482,FBGX,2017-10-06,1.54539870808
483,FBGX,2017-10-09,1.54117388069
484,FBGX,2017-10-10,1.54515290994
485,FBGX,2017-10-11,1.55722854433
486,FBGX,2017-10-12,1.56360434741
487,FBGX,2017-10-13,1.56488712517
488,FBGX,2017-10-16,1.56821328144
489,FBGX,2017-10-17,1.57151646183
490,FBGX,2017-10-18,1.57858358465
491,FBGX,2017-10-19,1.57347532658
492,FBGX,2017-10-20,1.58703346988
493,FBGX,2017-10-23,1.57343687981
494,FBGX,2017-10-24,1.57566451091
495,FBGX,2017-10-25,1.56590887203
496,FBGX,2017-10-26,1.56990325695
497,FBGX,2017-10-27,1.61983412459
498,FBGX,2017-10-30,1.61430331311
499,FBGX,2017-10-31,1.62382862473
500,FBGX,2017-11-01,1.61651571144
501,FBGX,2017-11-02,1.61553241134
502,FBGX,2017-11-03,1.63465981289
503,FBGX,2017-11-06,1.64134282908
504,FBT,2016-11-07,1.0
505,FBT,2016-11-08,1.01318902055
506,FBT,2016-11-09,1.1073160197
507,FBT,2016-11-10,1.1285086476
508,FBT,2016-11-11,1.12490138795
509,FBT,2016-11-14,1.15398494143
510,FBT,2016-11-15,1.14722126195
511,FBT,2016-11-16,1.11937779415
512,FBT,2016-11-17,1.13594857554
513,FBT,2016-11-18,1.12332322312
514,FBT,2016-11-21,1.13391948071
515,FBT,2016-11-22,1.10720327029
516,FBT,2016-11-23,1.11520686636
517,FBT,2016-11-25,1.12106862948
518,FBT,2016-11-28,1.09435241905
519,FBT,2016-11-29,1.09525425651
520,FBT,2016-11-30,1.06605795362
521,FBT,2016-12-01,1.04396349954
522,FBT,2016-12-02,1.04926167342
523,FBT,2016-12-05,1.05827976619
524,FBT,2016-12-06,1.06921428327
525,FBT,2016-12-07,1.03708714956
526,FBT,2016-12-08,1.04655616105
527,FBT,2016-12-09,1.0489235041
528,FBT,2016-12-12,1.0433998314
529,FBT,2016-12-13,1.04723258987
530,FBT,2016-12-14,1.05016351088
531,FBT,2016-12-15,1.07304704174
532,FBT,2016-12-16,1.06504344567
533,FBT,2016-12-19,1.05185434621
534,FBT,2016-12-20,1.06459252694
535,FBT,2016-12-21,1.04385073886
536,FBT,2016-12-22,1.03674898024
537,FBT,2016-12-23,1.05997069169
538,FBT,2016-12-27,1.05286893307
539,FBT,2016-12-28,1.03753806828
540,FBT,2016-12-29,1.03167622626
541,FBT,2016-12-30,1.02446170696
542,FBT,2017-01-03,1.03798898701
543,FBT,2017-01-04,1.07710522012
544,FBT,2017-01-05,1.07721789062
545,FBT,2017-01-06,1.09435241905
546,FBT,2017-01-09,1.10156692708
547,FBT,2017-01-10,1.10799235834
548,FBT,2017-01-11,1.06865070532
549,FBT,2017-01-12,1.08071247977
550,FBT,2017-01-13,1.08217789519
551,FBT,2017-01-17,1.05827976619
552,FBT,2017-01-18,1.07146887692
553,FBT,2017-01-19,1.06357794007
554,FBT,2017-01-20,1.05782884746
555,FBT,2017-01-23,1.04430165758
556,FBT,2017-01-24,1.04441441827
557,FBT,2017-01-25,1.05399617917
558,FBT,2017-01-26,1.04689442055
559,FBT,2017-01-27,1.06109793779
560,FBT,2017-01-30,1.0433998314
561,FBT,2017-01-31,1.08262881392
562,FBT,2017-02-01,1.08860332644
563,FBT,2017-02-02,1.08634882298
564,FBT,2017-02-03,1.09886150489
565,FBT,2017-02-06,1.10359602191
566,FBT,2017-02-07,1.09615600379
567,FBT,2017-02-08,1.09649417311
568,FBT,2017-02-09,1.11205053672
569,FBT,2017-02-10,1.11069778053
570,FBT,2017-02-13,1.11926504474
571,FBT,2017-02-14,1.13842857782
572,FBT,2017-02-15,1.15127942905
573,FBT,2017-02-16,1.1436140023
574,FBT,2017-02-17,1.15240676533
575,FBT,2017-02-21,1.14677042213
576,FBT,2017-02-22,1.13267956412
577,FBT,2017-02-23,1.12445046922
578,FBT,2017-02-24,1.12681772209
579,FBT,2017-02-27,1.16920304553
580,FBT,2017-02-28,1.17574122619
581,FBT,2017-03-01,1.19467933936
582,FBT,2017-03-02,1.19028291275
583,FBT,2017-03-03,1.19693384282
584,FBT,2017-03-06,1.18599932574
585,FBT,2017-03-07,1.16909029612
586,FBT,2017-03-08,1.18554840701
587,FBT,2017-03-09,1.19310108435
588,FBT,2017-03-10,1.20279560594
589,FBT,2017-03-13,1.20538835763
590,FBT,2017-03-14,1.19186116776
591,FBT,2017-03-15,1.21057378211
592,FBT,2017-03-16,1.19580659673
593,FBT,2017-03-17,1.18825391938
594,FBT,2017-03-20,1.21339195371
595,FBT,2017-03-21,1.16379212224
596,FBT,2017-03-22,1.17134488977
597,FBT,2017-03-23,1.16210119673
598,FBT,2017-03-24,1.16931579494
599,FBT,2017-03-27,1.18070115185
600,FBT,2017-03-28,1.17720664161
601,FBT,2017-03-29,1.19062117225
602,FBT,2017-03-30,1.1843084115
603,FBT,2017-03-31,1.1870139126
604,FBT,2017-04-03,1.17235938645
605,FBT,2017-04-04,1.1731484745
606,FBT,2017-04-05,1.14936309491
607,FBT,2017-04-06,1.15127942905
608,FBT,2017-04-07,1.15826852844
609,FBT,2017-04-10,1.15308310397
610,FBT,2017-04-11,1.14970126423
611,FBT,2017-04-12,1.15849394835
612,FBT,2017-04-13,1.17337388314
613,FBT,2017-04-17,1.17472663933
614,FBT,2017-04-18,1.16018486259
615,FBT,2017-04-19,1.1631157836
616,FBT,2017-04-20,1.17202121713
617,FBT,2017-04-21,1.15871944717
618,FBT,2017-04-24,1.17901022634
619,FBT,2017-04-25,1.19975201443
620,FBT,2017-04-26,1.20223202798
621,FBT,2017-04-27,1.20437377076
622,FBT,2017-04-28,1.2107992922
623,FBT,2017-05-01,1.22026830369
624,FBT,2017-05-02,1.20910836669
625,FBT,2017-05-03,1.2121519582
626,FBT,2017-05-04,1.22410097198
627,FBT,2017-05-05,1.21575920658
628,FBT,2017-05-08,1.18329390354
629,FBT,2017-05-09,1.19806110019
630,FBT,2017-05-10,1.19197383826
631,FBT,2017-05-11,1.1925375064
632,FBT,2017-05-12,1.20437377076
633,FBT,2017-05-15,1.21947921564
634,FBT,2017-05-16,1.22815915036
635,FBT,2017-05-17,1.19546842741
636,FBT,2017-05-18,1.21147561956
637,FBT,2017-05-19,1.2009920212
638,FBT,2017-05-22,1.20831927864
639,FBT,2017-05-23,1.20505019958
640,FBT,2017-05-24,1.20595202577
641,FBT,2017-05-25,1.2009920212
642,FBT,2017-05-26,1.18780300065
643,FBT,2017-05-30,1.16773753994
644,FBT,2017-05-31,1.17912297575
645,FBT,2017-06-01,1.2049374389
646,FBT,2017-06-02,1.22725740308
647,FBT,2017-06-05,1.21147561956
648,FBT,2017-06-06,1.21440654057
649,FBT,2017-06-07,1.21203920879
650,FBT,2017-06-08,1.2203810531
651,FBT,2017-06-09,1.21778830141
652,FBT,2017-06-12,1.21316654507
653,FBT,2017-06-13,1.22455189071
654,FBT,2017-06-14,1.23920641685
655,FBT,2017-06-15,1.22556647757
656,FBT,2017-06-16,1.22861006909
657,FBT,2017-06-19,1.25566452774
658,FBT,2017-06-20,1.26817722092
659,FBT,2017-06-21,1.3167624768
660,FBT,2017-06-22,1.32803516321
661,FBT,2017-06-23,1.33784242293
662,FBT,2017-06-26,1.32578065974
663,FBT,2017-06-27,1.28249349884
664,FBT,2017-06-28,1.31450797333
665,FBT,2017-06-29,1.2929770972
666,FBT,2017-06-30,1.28553716927
667,FBT,2017-07-03,1.29117351247
668,FBT,2017-07-05,1.3167624768
669,FBT,2017-07-06,1.28835534087
670,FBT,2017-07-07,1.29974077669
671,FBT,2017-07-10,1.27854806987
672,FBT,2017-07-11,1.28756625282
673,FBT,2017-07-12,1.29669710626
674,FBT,2017-07-13,1.30503887166
675,FBT,2017-07-14,1.30154436142
676,FBT,2017-07-17,1.29782435236
677,FBT,2017-07-18,1.30143161201
678,FBT,2017-07-19,1.31867888985
679,FBT,2017-07-20,1.33615150869
680,FBT,2017-07-21,1.34066059453
681,FBT,2017-07-24,1.357005956
682,FBT,2017-07-25,1.34066059453
683,FBT,2017-07-26,1.34449327409
684,FBT,2017-07-27,1.31710063485
685,FBT,2017-07-28,1.32735882457
686,FBT,2017-07-31,1.30909703877
687,FBT,2017-08-01,1.29680985567
688,FBT,2017-08-02,1.3040243637
689,FBT,2017-08-03,1.30458803184
690,FBT,2017-08-04,1.31371888529
691,FBT,2017-08-07,1.32194790127
692,FBT,2017-08-08,1.30075527337
693,FBT,2017-08-09,1.30424978361
694,FBT,2017-08-10,1.25972270612
695,FBT,2017-08-11,1.27482806081
696,FBT,2017-08-14,1.28362083512
697,FBT,2017-08-15,1.28576258918
698,FBT,2017-08-16,1.28621349663
699,FBT,2017-08-17,1.26411904254
700,FBT,2017-08-18,1.25983545553
701,FBT,2017-08-21,1.26479538118
702,FBT,2017-08-22,1.29139893238
703,FBT,2017-08-23,1.28226807893
704,FBT,2017-08-24,1.29974077669
705,FBT,2017-08-25,1.29139893238
706,FBT,2017-08-28,1.32961332803
707,FBT,2017-08-29,1.345846019
708,FBT,2017-08-30,1.36343138726
709,FBT,2017-08-31,1.40018036749
710,FBT,2017-09-01,1.40694396806
711,FBT,2017-09-05,1.39927853003
712,FBT,2017-09-06,1.40142037427
713,FBT,2017-09-07,1.40288578968
714,FBT,2017-09-08,1.3935295276
715,FBT,2017-09-11,1.39770036521
716,FBT,2017-09-12,1.40063128622
717,FBT,2017-09-13,1.3990531214
718,FBT,2017-09-14,1.38969676913
719,FBT,2017-09-15,1.39048584591
720,FBT,2017-09-18,1.39093676464
721,FBT,2017-09-19,1.3780859134
722,FBT,2017-09-20,1.39995494758
723,FBT,2017-09-21,1.38372225661
724,FBT,2017-09-22,1.3864276788
725,FBT,2017-09-25,1.3919513515
726,FBT,2017-09-26,1.37650774858
727,FBT,2017-09-27,1.38417317534
728,FBT,2017-09-28,1.39138768337
729,FBT,2017-09-29,1.39702402657
730,FBT,2017-10-02,1.42374032718
731,FBT,2017-10-03,1.42306390963
732,FBT,2017-10-04,1.42915117156
733,FBT,2017-10-05,1.43264567053
734,FBT,2017-10-06,1.42464207445
735,FBT,2017-10-09,1.41990756871
736,FBT,2017-10-10,1.41990756871
737,FBT,2017-10-11,1.4226129909
738,FBT,2017-10-12,1.41990756871
739,FBT,2017-10-13,1.41742756642
740,FBT,2017-10-16,1.42148573353
741,FBT,2017-10-17,1.42915117156
742,FBT,2017-10-18,1.42193665226
743,FBT,2017-10-19,1.41393305618
744,FBT,2017-10-20,1.41156580331
745,FBT,2017-10-23,1.39770036521
746,FBT,2017-10-24,1.38473675329
747,FBT,2017-10-25,1.36974414801
748,FBT,2017-10-26,1.35756962414
749,FBT,2017-10-27,1.3685041525
750,FBT,2017-10-30,1.36940597869
751,FBT,2017-10-31,1.36478414344
752,FBT,2017-11-01,1.35790779346
753,FBT,2017-11-02,1.37718407595
754,FBT,2017-11-03,1.39758769471
755,FBT,2017-11-06,1.38417317534
756,FLGE,2016-11-07,1.0
757,FLGE,2016-11-08,1.01087287852
758,FLGE,2016-11-09,1.0254976022
759,FLGE,2016-11-10,1.01574272516
760,FLGE,2016-11-11,1.01699847548
761,FLGE,2016-11-14,1.00535985427
762,FLGE,2016-11-15,1.0202909179
763,FLGE,2016-11-16,1.02534454707
764,FLGE,2016-11-17,1.04364469172
765,FLGE,2016-11-18,1.0361408942
766,FLGE,2016-11-21,1.05122501296
767,FLGE,2016-11-22,1.05880545672
768,FLGE,2016-11-23,1.05527560236
769,FLGE,2016-11-25,1.06362938452
770,FLGE,2016-11-28,1.05321590108
771,FLGE,2016-11-29,1.06087286857
772,FLGE,2016-11-30,1.04559714186
773,FLGE,2016-12-01,1.01685290122
774,FLGE,2016-12-02,1.02251138488
775,FLGE,2016-12-05,1.03583455425
776,FLGE,2016-12-06,1.03973956173
777,FLGE,2016-12-07,1.07075030303
778,FLGE,2016-12-08,1.07166922335
779,FLGE,2016-12-09,1.08376712479
780,FLGE,2016-12-12,1.07840727052
781,FLGE,2016-12-13,1.09532922227
782,FLGE,2016-12-14,1.08805512612
783,FLGE,2016-12-15,1.08847620574
784,FLGE,2016-12-16,1.08478558569
785,FLGE,2016-12-19,1.08806272183
786,FLGE,2016-12-20,1.09486981953
787,FLGE,2016-12-21,1.09571209361
788,FLGE,2016-12-22,1.08169982779
789,FLGE,2016-12-23,1.08562785977
790,FLGE,2016-12-27,1.09640878577
791,FLGE,2016-12-28,1.07876712502
792,FLGE,2016-12-29,1.0794410377
793,FLGE,2016-12-30,1.06316227122
794,FLGE,2017-01-03,1.08261862561
795,FLGE,2017-01-04,1.10007650382
796,FLGE,2017-01-05,1.10068907654
797,FLGE,2017-01-06,1.11722815694
798,FLGE,2017-01-09,1.11646241425
799,FLGE,2017-01-10,1.11799378478
800,FLGE,2017-01-11,1.1185298261
801,FLGE,2017-01-12,1.1176492289
802,FLGE,2017-01-13,1.12021436661
803,FLGE,2017-01-17,1.11703666384
804,FLGE,2017-01-18,1.12396620411
805,FLGE,2017-01-19,1.11730468068
806,FLGE,2017-01-20,1.11944862392
807,FLGE,2017-01-23,1.12189890711
808,FLGE,2017-01-24,1.13529860022
809,FLGE,2017-01-25,1.14854512334
810,FLGE,2017-01-26,1.14586513878
811,FLGE,2017-01-27,1.14977026877
812,FLGE,2017-01-30,1.13774876856
813,FLGE,2017-01-31,1.13376722969
814,FLGE,2017-02-01,1.14050528451
815,FLGE,2017-02-02,1.13897391398
816,FLGE,2017-02-03,1.15206738199
817,FLGE,2017-02-06,1.14724345418
818,FLGE,2017-02-07,1.15237360709
819,FLGE,2017-02-08,1.16202134784
820,FLGE,2017-02-09,1.17388967042
821,FLGE,2017-02-10,1.17813163041
822,FLGE,2017-02-13,1.18966300047
823,FLGE,2017-02-14,1.19555889607
824,FLGE,2017-02-15,1.21102600868
825,FLGE,2017-02-16,1.20838433958
826,FLGE,2017-02-17,1.2110107024
827,FLGE,2017-02-21,1.2246553955
828,FLGE,2017-02-22,1.22438737867
829,FLGE,2017-02-23,1.2187594999
830,FLGE,2017-02-24,1.23039812111
831,FLGE,2017-02-27,1.23376720978
832,FLGE,2017-02-28,1.22526796821
833,FLGE,2017-03-01,1.25275645853
834,FLGE,2017-03-02,1.24004586187
835,FLGE,2017-03-03,1.24184525688
836,FLGE,2017-03-06,1.23660024947
837,FLGE,2017-03-07,1.22771813655
838,FLGE,2017-03-08,1.2336982741
839,FLGE,2017-03-09,1.23384373351
840,FLGE,2017-03-10,1.24157723239
841,FLGE,2017-03-13,1.24586523373
842,FLGE,2017-03-14,1.23652371808
843,FLGE,2017-03-15,1.25727403872
844,FLGE,2017-03-16,1.24900449851
845,FLGE,2017-03-17,1.25308570047
846,FLGE,2017-03-20,1.25214388581
847,FLGE,2017-03-21,1.2271055715
848,FLGE,2017-03-22,1.23094176581
849,FLGE,2017-03-23,1.2312403952
850,FLGE,2017-03-24,1.22350678146
851,FLGE,2017-03-27,1.22996162803
852,FLGE,2017-03-28,1.24134753103
853,FLGE,2017-03-29,1.24965539435
854,FLGE,2017-03-30,1.25107191036
855,FLGE,2017-03-31,1.25023735451
856,FLGE,2017-04-03,1.24586523373
857,FLGE,2017-04-04,1.2429555478
858,FLGE,2017-04-05,1.2339202649
859,FLGE,2017-04-06,1.23928023403
860,FLGE,2017-04-07,1.24142417727
861,FLGE,2017-04-10,1.241500701
862,FLGE,2017-04-11,1.23575797539
863,FLGE,2017-04-12,1.2281010079
864,FLGE,2017-04-13,1.21761100072
865,FLGE,2017-04-17,1.23882071644
866,FLGE,2017-04-18,1.23721282218
867,FLGE,2017-04-19,1.23342266156
868,FLGE,2017-04-20,1.25490039411
869,FLGE,2017-04-21,1.25316993477
870,FLGE,2017-04-24,1.28016069923
871,FLGE,2017-04-25,1.29486977972
872,FLGE,2017-04-26,1.29540570618
873,FLGE,2017-04-27,1.3020596339
874,FLGE,2017-04-28,1.30474721418
875,FLGE,2017-05-01,1.31604128717
876,FLGE,2017-05-02,1.31460946487
877,FLGE,2017-05-03,1.30849916653
878,FLGE,2017-05-04,1.31255735164
879,FLGE,2017-05-05,1.31997702971
880,FLGE,2017-05-08,1.32503824694
881,FLGE,2017-05-09,1.32924960203
882,FLGE,2017-05-10,1.32572734338
883,FLGE,2017-05-11,1.32404280288
884,FLGE,2017-05-12,1.32304735882
885,FLGE,2017-05-15,1.33537508413
886,FLGE,2017-05-16,1.33369054363
887,FLGE,2017-05-17,1.29640115024
888,FLGE,2017-05-18,1.30413475632
889,FLGE,2017-05-19,1.31630931166
890,FLGE,2017-05-22,1.33048993122
891,FLGE,2017-05-23,1.3321591731
892,FLGE,2017-05-24,1.3404287133
893,FLGE,2017-05-25,1.36294021303
894,FLGE,2017-05-26,1.36295551931
895,FLGE,2017-05-30,1.36393565709
896,FLGE,2017-05-31,1.36516068001
897,FLGE,2017-06-01,1.38269520447
898,FLGE,2017-06-02,1.40505353422
899,FLGE,2017-06-05,1.40121733991
900,FLGE,2017-06-06,1.39279474459
901,FLGE,2017-06-07,1.39696777656
902,FLGE,2017-06-08,1.39514537235
903,FLGE,2017-06-09,1.37059718052
904,FLGE,2017-06-12,1.36255734169
905,FLGE,2017-06-13,1.37894324446
906,FLGE,2017-06-14,1.37120975324
907,FLGE,2017-06-15,1.37029095542
908,FLGE,2017-06-16,1.36630929404
909,FLGE,2017-06-19,1.39686052541
910,FLGE,2017-06-20,1.37955581717
911,FLGE,2017-06-21,1.38889732517
912,FLGE,2017-06-22,1.39548232486
913,FLGE,2017-06-23,1.39709034163
914,FLGE,2017-06-26,1.38851445382
915,FLGE,2017-06-27,1.36546702762
916,FLGE,2017-06-28,1.38675338958
917,FLGE,2017-06-29,1.35597234199
918,FLGE,2017-06-30,1.36759566458
919,FLGE,2017-07-03,1.35068901911
920,FLGE,2017-07-05,1.35964777061
921,FLGE,2017-07-06,1.33644705192
922,FLGE,2017-07-07,1.36439505217
923,FLGE,2017-07-10,1.3728176475
924,FLGE,2017-07-11,1.37572733343
925,FLGE,2017-07-12,1.40022960642
926,FLGE,2017-07-13,1.40290959098
927,FLGE,2017-07-14,1.42327715513
928,FLGE,2017-07-17,1.41651596861
929,FLGE,2017-07-18,1.42365991162
930,FLGE,2017-07-19,1.44287896893
931,FLGE,2017-07-20,1.44277171779
932,FLGE,2017-07-21,1.44218987249
933,FLGE,2017-07-24,1.44961713861
934,FLGE,2017-07-25,1.44601835623
935,FLGE,2017-07-26,1.45344562235
936,FLGE,2017-07-27,1.43790187115
937,FLGE,2017-07-28,1.43537517908
938,FLGE,2017-07-31,1.42672276753
939,FLGE,2017-08-01,1.43300141962
940,FLGE,2017-08-02,1.43569671046
941,FLGE,2017-08-03,1.43169975046
942,FLGE,2017-08-04,1.43575793557
943,FLGE,2017-08-07,1.44908109729
944,FLGE,2017-08-08,1.43910411459
945,FLGE,2017-08-09,1.43882079148
946,FLGE,2017-08-10,1.39441035707
947,FLGE,2017-08-11,1.40735064744
948,FLGE,2017-08-14,1.44004592925
949,FLGE,2017-08-15,1.43820821877
950,FLGE,2017-08-16,1.44868291966
951,FLGE,2017-08-17,1.40490036425
952,FLGE,2017-08-18,1.40310096923
953,FLGE,2017-08-21,1.3976262681
954,FLGE,2017-08-22,1.4348391301
955,FLGE,2017-08-23,1.42580396972
956,FLGE,2017-08-24,1.4186829287
957,FLGE,2017-08-25,1.42450217805
958,FLGE,2017-08-28,1.42292489634
959,FLGE,2017-08-29,1.4297089772
960,FLGE,2017-08-30,1.44931079865
961,FLGE,2017-08-31,1.47431850041
962,FLGE,2017-09-01,1.47928017706
963,FLGE,2017-09-05,1.45712093612
964,FLGE,2017-09-06,1.46717456506
965,FLGE,2017-09-07,1.47327714518
966,FLGE,2017-09-08,1.46359867702
967,FLGE,2017-09-11,1.49077333886
968,FLGE,2017-09-12,1.49563547493
969,FLGE,2017-09-13,1.49402745816
970,FLGE,2017-09-14,1.49134758845
971,FLGE,2017-09-15,1.49563547493
972,FLGE,2017-09-18,1.49490805536
973,FLGE,2017-09-19,1.50022958651
974,FLGE,2017-09-20,1.48874413528
975,FLGE,2017-09-21,1.49211321629
976,FLGE,2017-09-22,1.48805503118
977,FLGE,2017-09-25,1.46603366159
978,FLGE,2017-09-26,1.47473198432
979,FLGE,2017-09-27,1.49016076615
980,FLGE,2017-09-28,1.48984683048
981,FLGE,2017-09-29,1.50934139314
982,FLGE,2017-10-02,1.51102593364
983,FLGE,2017-10-03,1.51814697466
984,FLGE,2017-10-04,1.52656956999
985,FLGE,2017-10-05,1.54523728736
986,FLGE,2017-10-06,1.54414229506
987,FLGE,2017-10-09,1.54738894116
988,FLGE,2017-10-10,1.54548228734
989,FLGE,2017-10-11,1.5599539559
990,FLGE,2017-10-12,1.56179166638
991,FLGE,2017-10-13,1.56653894794
992,FLGE,2017-10-16,1.57304741625
993,FLGE,2017-10-17,1.57446393992
994,FLGE,2017-10-18,1.58016834241
995,FLGE,2017-10-19,1.57258802117
996,FLGE,2017-10-20,1.58928015669
997,FLGE,2017-10-23,1.57243485119
998,FLGE,2017-10-24,1.57963241594
999,FLGE,2017-10-25,1.567534392
1000,FLGE,2017-10-26,1.57111787575
1001,FLGE,2017-10-27,1.61975484902
1002,FLGE,2017-10-30,1.61462469611
1003,FLGE,2017-10-31,1.62407346291
1004,FLGE,2017-11-01,1.62052059171
1005,FLGE,2017-11-02,1.61867528551
1006,FLGE,2017-11-03,1.6381316399
1007,FLGE,2017-11-06,1.64498232871
1008,IGV,2016-11-07,1.0
1009,IGV,2016-11-08,1.00071022991
1010,IGV,2016-11-09,0.999556154082
1011,IGV,2016-11-10,0.983399830223
1012,IGV,2016-11-11,0.990856768752
1013,IGV,2016-11-14,0.977984934909
1014,IGV,2016-11-15,0.98961385974
1015,IGV,2016-11-16,0.997958294554
1016,IGV,2016-11-17,1.01340445072
1017,IGV,2016-11-18,1.00940967746
1018,IGV,2016-11-21,1.0110075281
1019,IGV,2016-11-22,1.00994229434
1020,IGV,2016-11-23,1.00577011249
1021,IGV,2016-11-25,1.00816683067
1022,IGV,2016-11-28,1.00328455224
1023,IGV,2016-11-29,1.00745667187
1024,IGV,2016-11-30,0.992543328131
1025,IGV,2016-12-01,0.959431963978
1026,IGV,2016-12-02,0.958189054966
1027,IGV,2016-12-05,0.977629788843
1028,IGV,2016-12-06,0.978695093712
1029,IGV,2016-12-07,0.993963645736
1030,IGV,2016-12-08,0.997070593829
1031,IGV,2016-12-09,0.99653797695
1032,IGV,2016-12-12,0.993519728708
1033,IGV,2016-12-13,1.0038171069
1034,IGV,2016-12-14,0.996360363918
1035,IGV,2016-12-15,0.996715518872
1036,IGV,2016-12-16,0.984731447976
1037,IGV,2016-12-19,0.990057705658
1038,IGV,2016-12-20,0.992099482213
1039,IGV,2016-12-21,0.989053910257
1040,IGV,2016-12-22,0.97626778968
1041,IGV,2016-12-23,0.980441064837
1042,IGV,2016-12-27,0.983282375584
1043,IGV,2016-12-28,0.973248865901
1044,IGV,2016-12-29,0.973959300252
1045,IGV,2016-12-30,0.9665007351
1046,IGV,2017-01-03,0.976711777817
1047,IGV,2017-01-04,0.990829711697
1048,IGV,2017-01-05,0.99287189713
1049,IGV,2017-01-06,1.002727856
1050,IGV,2017-01-09,1.002727856
1051,IGV,2017-01-10,1.00370460324
1052,IGV,2017-01-11,1.01640181063
1053,IGV,2017-01-12,1.01391557484
1054,IGV,2017-01-13,1.01879914213
1055,IGV,2017-01-17,1.00841055749
1056,IGV,2017-01-18,1.01302760746
1057,IGV,2017-01-19,1.01249499058
1058,IGV,2017-01-20,1.01924312138
1059,IGV,2017-01-23,1.01906551724
1060,IGV,2017-01-24,1.03353859718
1061,IGV,2017-01-25,1.04152999254
1062,IGV,2017-01-26,1.03638005015
1063,IGV,2017-01-27,1.04126354633
1064,IGV,2017-01-30,1.03859983972
1065,IGV,2017-01-31,1.04037564116
1066,IGV,2017-02-01,1.0340714185
1067,IGV,2017-02-02,1.04215151371
1068,IGV,2017-02-03,1.05342806574
1069,IGV,2017-02-06,1.05023147559
1070,IGV,2017-02-07,1.0532505327
1071,IGV,2017-02-08,1.05014276685
1072,IGV,2017-02-09,1.06337280446
1073,IGV,2017-02-10,1.07864501861
1074,IGV,2017-02-13,1.08095357914
1075,IGV,2017-02-14,1.08157517142
1076,IGV,2017-02-15,1.08876722814
1077,IGV,2017-02-16,1.08983273745
1078,IGV,2017-02-17,1.09551536783
1079,IGV,2017-02-21,1.10057660148
1080,IGV,2017-02-22,1.09853435383
1081,IGV,2017-02-23,1.09888949989
1082,IGV,2017-02-24,1.10492740967
1083,IGV,2017-02-27,1.10084298548
1084,IGV,2017-02-28,1.09027672558
1085,IGV,2017-03-01,1.10856785462
1086,IGV,2017-03-02,1.1002213932
1087,IGV,2017-03-03,1.10031022638
1088,IGV,2017-03-06,1.09897827086
1089,IGV,2017-03-07,1.09951109217
1090,IGV,2017-03-08,1.10386183815
1091,IGV,2017-03-09,1.1027076201
1092,IGV,2017-03-10,1.10945575979
1093,IGV,2017-03-13,1.11735824197
1094,IGV,2017-03-14,1.11140917426
1095,IGV,2017-03-15,1.11842376016
1096,IGV,2017-03-16,1.12428405691
1097,IGV,2017-03-17,1.12632624234
1098,IGV,2017-03-20,1.12366246463
1099,IGV,2017-03-21,1.1027076201
1100,IGV,2017-03-22,1.10998858111
1101,IGV,2017-03-23,1.10945575979
1102,IGV,2017-03-24,1.11164103473
1103,IGV,2017-03-27,1.11155219266
1104,IGV,2017-03-28,1.11785925969
1105,IGV,2017-03-29,1.12327795935
1106,IGV,2017-03-30,1.12265616263
1107,IGV,2017-03-31,1.12345569682
1108,IGV,2017-04-03,1.11812577701
1109,IGV,2017-04-04,1.11626032464
1110,IGV,2017-04-05,1.11590497413
1111,IGV,2017-04-06,1.11901408217
1112,IGV,2017-04-07,1.11919175742
1113,IGV,2017-04-10,1.11865873166
1114,IGV,2017-04-11,1.12079070136
1115,IGV,2017-04-12,1.11528317741
1116,IGV,2017-04-13,1.11190754316
1117,IGV,2017-04-17,1.12114605187
1118,IGV,2017-04-18,1.1255876043
1119,IGV,2017-04-19,1.1280748534
1120,IGV,2017-04-20,1.13500378825
1121,IGV,2017-04-21,1.13606976866
1122,IGV,2017-04-24,1.15001633823
1123,IGV,2017-04-25,1.15312551738
1124,IGV,2017-04-26,1.15072703924
1125,IGV,2017-04-27,1.16040980274
1126,IGV,2017-04-28,1.16058721133
1127,IGV,2017-05-01,1.16902638139
1128,IGV,2017-05-02,1.16973694907
1129,IGV,2017-05-03,1.16787148781
1130,IGV,2017-05-04,1.17462274741
1131,IGV,2017-05-05,1.18412783566
1132,IGV,2017-05-08,1.18199573263
1133,IGV,2017-05-09,1.18217354121
1134,IGV,2017-05-10,1.19736370422
1135,IGV,2017-05-11,1.19025722744
1136,IGV,2017-05-12,1.19114547037
1137,IGV,2017-05-15,1.20455914751
1138,IGV,2017-05-16,1.20944467919
1139,IGV,2017-05-17,1.17275742837
1140,IGV,2017-05-18,1.17506693999
1141,IGV,2017-05-19,1.18856945031
1142,IGV,2017-05-22,1.20544739045
1143,IGV,2017-05-23,1.20891178677
1144,IGV,2017-05-24,1.22232560613
1145,IGV,2017-05-25,1.23538379055
1146,IGV,2017-05-26,1.23032031695
1147,IGV,2017-05-30,1.23298531241
1148,IGV,2017-05-31,1.23058669206
1149,IGV,2017-06-01,1.23929237944
1150,IGV,2017-06-02,1.25048511148
1151,IGV,2017-06-05,1.25146232982
1152,IGV,2017-06-06,1.24897514294
1153,IGV,2017-06-07,1.25092930406
1154,IGV,2017-06-08,1.25048511148
1155,IGV,2017-06-09,1.21059970611
1156,IGV,2017-06-12,1.20367077125
1157,IGV,2017-06-13,1.21477467011
1158,IGV,2017-06-14,1.20926713727
1159,IGV,2017-06-15,1.20526971519
1160,IGV,2017-06-16,1.20660214181
1161,IGV,2017-06-19,1.22507930144
1162,IGV,2017-06-20,1.2173508235
1163,IGV,2017-06-21,1.23476193161
1164,IGV,2017-06-22,1.24888616754
1165,IGV,2017-06-23,1.25474905088
1166,IGV,2017-06-26,1.24853081703
1167,IGV,2017-06-27,1.22582377043
1168,IGV,2017-06-28,1.23835490227
1169,IGV,2017-06-29,1.21507020888
1170,IGV,2017-06-30,1.21560336797
1171,IGV,2017-07-03,1.19853988613
1172,IGV,2017-07-05,1.21311496335
1173,IGV,2017-07-06,1.20387232142
1174,IGV,2017-07-07,1.22182444618
1175,IGV,2017-07-10,1.22848999253
1176,IGV,2017-07-11,1.23115620573
1177,IGV,2017-07-12,1.25675162849
1178,IGV,2017-07-13,1.25133036001
1179,IGV,2017-07-14,1.2576402803
1180,IGV,2017-07-17,1.25790693095
1181,IGV,2017-07-18,1.26261722287
1182,IGV,2017-07-19,1.27399291891
1183,IGV,2017-07-20,1.27461506229
1184,IGV,2017-07-21,1.26954927764
1185,IGV,2017-07-24,1.2761258397
1186,IGV,2017-07-25,1.2819026009
1187,IGV,2017-07-26,1.28998994925
1188,IGV,2017-07-27,1.2686604925
1189,IGV,2017-07-28,1.26732752368
1190,IGV,2017-07-31,1.26332805721
1191,IGV,2017-08-01,1.26759416544
1192,IGV,2017-08-02,1.25133036001
1193,IGV,2017-08-03,1.2587957072
1194,IGV,2017-08-04,1.2580846062
1195,IGV,2017-08-07,1.25799576413
1196,IGV,2017-08-08,1.25070822552
1197,IGV,2017-08-09,1.24821968757
1198,IGV,2017-08-10,1.22333536581
1199,IGV,2017-08-11,1.2360441729
1200,IGV,2017-08-14,1.25595181875
1201,IGV,2017-08-15,1.25666265309
1202,IGV,2017-08-16,1.2698159283
1203,IGV,2017-08-17,1.24741987783
1204,IGV,2017-08-18,1.24688670985
1205,IGV,2017-08-21,1.25417424846
1206,IGV,2017-08-22,1.27585918904
1207,IGV,2017-08-23,1.27017141213
1208,IGV,2017-08-24,1.27257097468
1209,IGV,2017-08-25,1.27559268061
1210,IGV,2017-08-28,1.27728127549
1211,IGV,2017-08-29,1.27959187153
1212,IGV,2017-08-30,1.29772208042
1213,IGV,2017-08-31,1.30918661853
1214,IGV,2017-09-01,1.30838666657
1215,IGV,2017-09-05,1.30394302531
1216,IGV,2017-09-06,1.29807743093
1217,IGV,2017-09-07,1.31185283174
1218,IGV,2017-09-08,1.30936429379
1219,IGV,2017-09-11,1.32598358305
1220,IGV,2017-09-12,1.32447266342
1221,IGV,2017-09-13,1.31949585418
1222,IGV,2017-09-14,1.31691848305
1223,IGV,2017-09-15,1.30589826195
1224,IGV,2017-09-18,1.30820899132
1225,IGV,2017-09-19,1.31016410353
1226,IGV,2017-09-20,1.30332089082
1227,IGV,2017-09-21,1.29434475733
1228,IGV,2017-09-22,1.29914389132
1229,IGV,2017-09-25,1.27577035586
1230,IGV,2017-09-26,1.27525482297
1231,IGV,2017-09-27,1.28947671852
1232,IGV,2017-09-28,1.28965439377
1233,IGV,2017-09-29,1.300054107
1234,IGV,2017-10-02,1.30192077712
1235,IGV,2017-10-03,1.30716505477
1236,IGV,2017-10-04,1.31036496927
1237,IGV,2017-10-05,1.32209805132
1238,IGV,2017-10-06,1.32991997565
1239,IGV,2017-10-09,1.32280916121
1240,IGV,2017-10-10,1.31996473054
1241,IGV,2017-10-11,1.32227573546
1242,IGV,2017-10-12,1.33089773619
1243,IGV,2017-10-13,1.33436430134
1244,IGV,2017-10-16,1.33080889412
1245,IGV,2017-10-17,1.3302756017
1246,IGV,2017-10-18,1.33080889412
1247,IGV,2017-10-19,1.34778625382
1248,IGV,2017-10-20,1.36209698255
1249,IGV,2017-10-23,1.35507487684
1250,IGV,2017-10-24,1.35889706805
1251,IGV,2017-10-25,1.35560817815
1252,IGV,2017-10-26,1.365385748
1253,IGV,2017-10-27,1.38600734811
1254,IGV,2017-10-30,1.38396299384
1255,IGV,2017-10-31,1.39089613303
1256,IGV,2017-11-01,1.38325188395
1257,IGV,2017-11-02,1.38814066888
1258,IGV,2017-11-03,1.38965172184
1259,IGV,2017-11-06,1.38200748165
1260,MCHI,2016-11-07,1.0
1261,MCHI,2016-11-08,1.00591978443
1262,MCHI,2016-11-09,0.981183918756
1263,MCHI,2016-11-10,0.967230465554
1264,MCHI,2016-11-11,0.957293868161
1265,MCHI,2016-11-14,0.943129009388
1266,MCHI,2016-11-15,0.961945026369
1267,MCHI,2016-11-16,0.952219920231
1268,MCHI,2016-11-17,0.959196625411
1269,MCHI,2016-11-18,0.958351024546
1270,MCHI,2016-11-21,0.964904918582
1271,MCHI,2016-11-22,0.97484140887
1272,MCHI,2016-11-23,0.96955607679
1273,MCHI,2016-11-25,0.977378511362
1274,MCHI,2016-11-28,0.980761129034
1275,MCHI,2016-11-29,0.986680742092
1276,MCHI,2016-11-30,0.985623671392
1277,MCHI,2016-12-01,0.977167127211
1278,MCHI,2016-12-02,0.970190272083
1279,MCHI,2016-12-05,0.971458812619
1280,MCHI,2016-12-06,0.97082453164
1281,MCHI,2016-12-07,0.983509529991
1282,MCHI,2016-12-08,0.98329812442
1283,MCHI,2016-12-09,0.976955635955
1284,MCHI,2016-12-12,0.957082569695
1285,MCHI,2016-12-13,0.968287514833
1286,MCHI,2016-12-14,0.949682839161
1287,MCHI,2016-12-15,0.938900662323
1288,MCHI,2016-12-16,0.930443946773
1289,MCHI,2016-12-19,0.927907015651
1290,MCHI,2016-12-20,0.928329891058
1291,MCHI,2016-12-21,0.925576156228
1292,MCHI,2016-12-22,0.915543313497
1293,MCHI,2016-12-23,0.9136221983
1294,MCHI,2016-12-27,0.917251095216
1295,MCHI,2016-12-28,0.924081922197
1296,MCHI,2016-12-29,0.935822353857
1297,MCHI,2016-12-30,0.933474271809
1298,MCHI,2017-01-03,0.943293502587
1299,MCHI,2017-01-04,0.955674448787
1300,MCHI,2017-01-05,0.973605385677
1301,MCHI,2017-01-06,0.967841847297
1302,MCHI,2017-01-09,0.971470658528
1303,MCHI,2017-01-10,0.986199686775
1304,MCHI,2017-01-11,0.989828498007
1305,MCHI,2017-01-12,0.985559279341
1306,MCHI,2017-01-13,0.988547768823
1307,MCHI,2017-01-17,0.986626632205
1308,MCHI,2017-01-18,0.990682410287
1309,MCHI,2017-01-19,0.985986160507
1310,MCHI,2017-01-20,0.984705431324
1311,MCHI,2017-01-23,0.992603546905
1312,MCHI,2017-01-24,1.00263638964
1313,MCHI,2017-01-25,1.00925369035
1314,MCHI,2017-01-26,1.00925369035
1315,MCHI,2017-01-27,1.00626520087
1316,MCHI,2017-01-30,1.00220942278
1317,MCHI,2017-01-31,1.00349015197
1318,MCHI,2017-02-01,1.00370367824
1319,MCHI,2017-02-02,1.00541135285
1320,MCHI,2017-02-03,1.00562479343
1321,MCHI,2017-02-06,1.00946713093
1322,MCHI,2017-02-07,1.00904024977
1323,MCHI,2017-02-08,1.02376919233
1324,MCHI,2017-02-09,1.03252113451
1325,MCHI,2017-02-10,1.03593650515
1326,MCHI,2017-02-13,1.04105974321
1327,MCHI,2017-02-14,1.03871155405
1328,MCHI,2017-02-15,1.05087897398
1329,MCHI,2017-02-16,1.05109250025
1330,MCHI,2017-02-17,1.04618278847
1331,MCHI,2017-02-21,1.05472131148
1332,MCHI,2017-02-22,1.06368677993
1333,MCHI,2017-02-23,1.06048484986
1334,MCHI,2017-02-24,1.0476771296
1335,MCHI,2017-02-27,1.04490205928
1336,MCHI,2017-02-28,1.03977892834
1337,MCHI,2017-03-01,1.05173288626
1338,MCHI,2017-03-02,1.03380194937
1339,MCHI,2017-03-03,1.03849819915
1340,MCHI,2017-03-06,1.03743076061
1341,MCHI,2017-03-07,1.04084621694
1342,MCHI,2017-03-08,1.0419135698
1343,MCHI,2017-03-09,1.03188081276
1344,MCHI,2017-03-10,1.03743076061
1345,MCHI,2017-03-13,1.05429443032
1346,MCHI,2017-03-14,1.04831745135
1347,MCHI,2017-03-15,1.06390022051
1348,MCHI,2017-03-16,1.07628105961
1349,MCHI,2017-03-17,1.07371953697
1350,MCHI,2017-03-20,1.0886620058
1351,MCHI,2017-03-21,1.07265224837
1352,MCHI,2017-03-22,1.07649458587
1353,MCHI,2017-03-23,1.07884268934
1354,MCHI,2017-03-24,1.07969651594
1355,MCHI,2017-03-27,1.07564067359
1356,MCHI,2017-03-28,1.07948307535
1357,MCHI,2017-03-29,1.07926963477
1358,MCHI,2017-03-30,1.07329257012
1359,MCHI,2017-03-31,1.06582142139
1360,MCHI,2017-04-03,1.07478682557
1361,MCHI,2017-04-04,1.07521379243
1362,MCHI,2017-04-05,1.07585419986
1363,MCHI,2017-04-06,1.07564067359
1364,MCHI,2017-04-07,1.07564067359
1365,MCHI,2017-04-10,1.07371953697
1366,MCHI,2017-04-11,1.06731567684
1367,MCHI,2017-04-12,1.07137145493
1368,MCHI,2017-04-13,1.06667526941
1369,MCHI,2017-04-17,1.07478682557
1370,MCHI,2017-04-18,1.06005788301
1371,MCHI,2017-04-19,1.05877708957
1372,MCHI,2017-04-20,1.07542731869
1373,MCHI,2017-04-21,1.07457338499
1374,MCHI,2017-04-24,1.08268500542
1375,MCHI,2017-04-25,1.0952793922
1376,MCHI,2017-04-26,1.0933581699
1377,MCHI,2017-04-27,1.0914370547
1378,MCHI,2017-04-28,1.09207737645
1379,MCHI,2017-05-01,1.09634665938
1380,MCHI,2017-05-02,1.09591971395
1381,MCHI,2017-05-03,1.0914370547
1382,MCHI,2017-05-04,1.07692146704
1383,MCHI,2017-05-05,1.08055036396
1384,MCHI,2017-05-08,1.08204461941
1385,MCHI,2017-05-09,1.10168325233
1386,MCHI,2017-05-10,1.11171600938
1387,MCHI,2017-05-11,1.10958136791
1388,MCHI,2017-05-12,1.11876027694
1389,MCHI,2017-05-15,1.12964688201
1390,MCHI,2017-05-16,1.13498345354
1391,MCHI,2017-05-17,1.11790642893
1392,MCHI,2017-05-18,1.12025453239
1393,MCHI,2017-05-19,1.13647779467
1394,MCHI,2017-05-22,1.14949895551
1395,MCHI,2017-05-23,1.14224116168
1396,MCHI,2017-05-24,1.1428816548
1397,MCHI,2017-05-25,1.1563297825
1398,MCHI,2017-05-26,1.15675666366
1399,MCHI,2017-05-30,1.15739715678
1400,MCHI,2017-05-31,1.14779125948
1401,MCHI,2017-06-01,1.16187979461
1402,MCHI,2017-06-02,1.16273372831
1403,MCHI,2017-06-05,1.16081252743
1404,MCHI,2017-06-06,1.16614909896
1405,MCHI,2017-06-07,1.16977791019
1406,MCHI,2017-06-08,1.19112423915
1407,MCHI,2017-06-09,1.17511450314
1408,MCHI,2017-06-12,1.16529525094
1409,MCHI,2017-06-13,1.16614909896
1410,MCHI,2017-06-14,1.16102596801
1411,MCHI,2017-06-15,1.14907207435
1412,MCHI,2017-06-16,1.1505663298
1413,MCHI,2017-06-19,1.17276639967
1414,MCHI,2017-06-20,1.16338401091
1415,MCHI,2017-06-21,1.17066723167
1416,MCHI,2017-06-22,1.1766651177
1417,MCHI,2017-06-23,1.17880721373
1418,MCHI,2017-06-26,1.18823257338
1419,MCHI,2017-06-27,1.17645086311
1420,MCHI,2017-06-28,1.18523363036
1421,MCHI,2017-06-29,1.16916774945
1422,MCHI,2017-06-30,1.17152401439
1423,MCHI,2017-07-03,1.17880721373
1424,MCHI,2017-07-05,1.17709356261
1425,MCHI,2017-07-06,1.16188455011
1426,MCHI,2017-07-07,1.16338401091
1427,MCHI,2017-07-10,1.17066723167
1428,MCHI,2017-07-11,1.19208840622
1429,MCHI,2017-07-12,1.21715113759
1430,MCHI,2017-07-13,1.21972165711
1431,MCHI,2017-07-14,1.23685866101
1432,MCHI,2017-07-17,1.22957546167
1433,MCHI,2017-07-18,1.23600179261
1434,MCHI,2017-07-19,1.25185341893
1435,MCHI,2017-07-20,1.24671237988
1436,MCHI,2017-07-21,1.24542706657
1437,MCHI,2017-07-24,1.25271028733
1438,MCHI,2017-07-25,1.25185341893
1439,MCHI,2017-07-26,1.2647061665
1440,MCHI,2017-07-27,1.25827983556
1441,MCHI,2017-07-28,1.26941876063
1442,MCHI,2017-07-31,1.27263197966
1443,MCHI,2017-08-01,1.2812004709
1444,MCHI,2017-08-02,1.27113249744
1445,MCHI,2017-08-03,1.27177511126
1446,MCHI,2017-08-04,1.27670195998
1447,MCHI,2017-08-07,1.29276784089
1448,MCHI,2017-08-08,1.30262164544
1449,MCHI,2017-08-09,1.29962261674
1450,MCHI,2017-08-10,1.25742296715
1451,MCHI,2017-08-11,1.25528078544
1452,MCHI,2017-08-14,1.27220353475
1453,MCHI,2017-08-15,1.27048988363
1454,MCHI,2017-08-16,1.2940531542
1455,MCHI,2017-08-17,1.27220353475
1456,MCHI,2017-08-18,1.2782014422
1457,MCHI,2017-08-21,1.29255367198
1458,MCHI,2017-08-22,1.31097590351
1459,MCHI,2017-08-23,1.31911597126
1460,MCHI,2017-08-24,1.31868752635
1461,MCHI,2017-08-25,1.32297169699
1462,MCHI,2017-08-28,1.31247536431
1463,MCHI,2017-08-29,1.31268955463
1464,MCHI,2017-08-30,1.32297169699
1465,MCHI,2017-08-31,1.32811282173
1466,MCHI,2017-09-01,1.33068334125
1467,MCHI,2017-09-05,1.31354642304
1468,MCHI,2017-09-06,1.31954430907
1469,MCHI,2017-09-07,1.32854124522
1470,MCHI,2017-09-08,1.31825910286
1471,MCHI,2017-09-11,1.34610660834
1472,MCHI,2017-09-12,1.34953399627
1473,MCHI,2017-09-13,1.3527472153
1474,MCHI,2017-09-14,1.35167607088
1475,MCHI,2017-09-15,1.36345780257
1476,MCHI,2017-09-18,1.37652471904
1477,MCHI,2017-09-19,1.37909515288
1478,MCHI,2017-09-20,1.37673882368
1479,MCHI,2017-09-21,1.37695307827
1480,MCHI,2017-09-22,1.36731361399
1481,MCHI,2017-09-25,1.3255423022
1482,MCHI,2017-09-26,1.32854124522
1483,MCHI,2017-09-27,1.338823409
1484,MCHI,2017-09-28,1.33239707806
1485,MCHI,2017-09-29,1.35146190198
1486,MCHI,2017-10-02,1.35853084674
1487,MCHI,2017-10-03,1.39109111773
1488,MCHI,2017-10-04,1.38937740234
1489,MCHI,2017-10-05,1.40822797168
1490,MCHI,2017-10-06,1.39901686663
1491,MCHI,2017-10-09,1.40008798962
1492,MCHI,2017-10-10,1.41401177449
1493,MCHI,2017-10-11,1.40844222627
1494,MCHI,2017-10-12,1.40051632742
1495,MCHI,2017-10-13,1.41037004629
1496,MCHI,2017-10-16,1.41701073893
1497,MCHI,2017-10-17,1.40480066944
1498,MCHI,2017-10-18,1.41786758591
1499,MCHI,2017-10-19,1.39301895917
1500,MCHI,2017-10-20,1.40351529186
1501,MCHI,2017-10-23,1.39001999474
1502,MCHI,2017-10-24,1.38894887175
1503,MCHI,2017-10-25,1.3823083719
1504,MCHI,2017-10-26,1.37780994667
1505,MCHI,2017-10-27,1.39601790219
1506,MCHI,2017-10-30,1.38530731492
1507,MCHI,2017-10-31,1.39880276199
1508,MCHI,2017-11-01,1.40844222627
1509,MCHI,2017-11-02,1.41058430088
1510,MCHI,2017-11-03,1.41015596307
1511,MCHI,2017-11-06,1.43157713762
1512,QLD,2016-11-07,1.0
1513,QLD,2016-11-08,1.0128947891
1514,QLD,2016-11-09,1.02145108017
1515,QLD,2016-11-10,0.98831044985
1516,QLD,2016-11-11,0.98939510454
1517,QLD,2016-11-14,0.969631286463
1518,QLD,2016-11-15,0.996625765568
1519,QLD,2016-11-16,1.00807426793
1520,QLD,2016-11-17,1.02253546925
1521,QLD,2016-11-18,1.01518444128
1522,QLD,2016-11-21,1.03567133029
1523,QLD,2016-11-22,1.04241987159
1524,QLD,2016-11-23,1.03398416478
1525,QLD,2016-11-25,1.04037129135
1526,QLD,2016-11-28,1.03591228149
1527,QLD,2016-11-29,1.04278131047
1528,QLD,2016-11-30,1.01675111911
1529,QLD,2016-12-01,0.982646466654
1530,QLD,2016-12-02,0.985659262204
1531,QLD,2016-12-05,1.00084363105
1532,QLD,2016-12-06,1.0060255911
1533,QLD,2016-12-07,1.03121234458
1534,QLD,2016-12-08,1.03470723571
1535,QLD,2016-12-09,1.05085560255
1536,QLD,2016-12-12,1.04121482581
1537,QLD,2016-12-13,1.06760662507
1538,QLD,2016-12-14,1.06278629707
1539,QLD,2016-12-15,1.0661605315
1540,QLD,2016-12-16,1.05905035815
1541,QLD,2016-12-19,1.06748625813
1542,QLD,2016-12-20,1.07580138068
1543,QLD,2016-12-21,1.07420855292
1544,QLD,2016-12-22,1.06805438529
1545,QLD,2016-12-23,1.06926119372
1546,QLD,2016-12-27,1.08108670902
1547,QLD,2016-12-28,1.06395157467
1548,QLD,2016-12-29,1.06033148743
1549,QLD,2016-12-30,1.03921422332
1550,QLD,2017-01-03,1.05719407527
1551,QLD,2017-01-04,1.06829579527
1552,QLD,2017-01-05,1.08024206385
1553,QLD,2017-01-06,1.09918731425
1554,QLD,2017-01-09,1.1065482903
1555,QLD,2017-01-10,1.11137508939
1556,QLD,2017-01-11,1.11656395515
1557,QLD,2017-01-12,1.11318513301
1558,QLD,2017-01-13,1.12114941669
1559,QLD,2017-01-17,1.11415050731
1560,QLD,2017-01-18,1.11921871638
1561,QLD,2017-01-19,1.11740860032
1562,QLD,2017-01-20,1.12235615269
1563,QLD,2017-01-23,1.12404551546
1564,QLD,2017-01-24,1.13937060618
1565,QLD,2017-01-25,1.16205679369
1566,QLD,2017-01-26,1.16386674073
1567,QLD,2017-01-27,1.16833161801
1568,QLD,2017-01-30,1.150834417
1569,QLD,2017-01-31,1.14600752133
1570,QLD,2017-02-01,1.16157404617
1571,QLD,2017-02-02,1.15952259257
1572,QLD,2017-02-03,1.1655561035
1573,QLD,2017-02-06,1.16869351567
1574,QLD,2017-02-07,1.17714047443
1575,QLD,2017-02-08,1.18160535172
1576,QLD,2017-02-09,1.18981090051
1577,QLD,2017-02-10,1.19741311752
1578,QLD,2017-02-13,1.21104894205
1579,QLD,2017-02-14,1.21877181575
1580,QLD,2017-02-15,1.23276961037
1581,QLD,2017-02-16,1.23240764028
1582,QLD,2017-02-17,1.24314726945
1583,QLD,2017-02-21,1.25497295378
1584,QLD,2017-02-22,1.25605893649
1585,QLD,2017-02-23,1.24700867009
1586,QLD,2017-02-24,1.25087023975
1587,QLD,2017-02-27,1.25436954956
1588,QLD,2017-02-28,1.2464054349
1589,QLD,2017-03-01,1.27343557739
1590,QLD,2017-03-02,1.26088580801
1591,QLD,2017-03-03,1.26522995616
1592,QLD,2017-03-06,1.25979975286
1593,QLD,2017-03-07,1.25473164038
1594,QLD,2017-03-08,1.25931710193
1595,QLD,2017-03-09,1.26100646471
1596,QLD,2017-03-10,1.27186687131
1597,QLD,2017-03-13,1.2757282478
1598,QLD,2017-03-14,1.26909142924
1599,QLD,2017-03-15,1.28489926747
1600,QLD,2017-03-16,1.28393396561
1601,QLD,2017-03-17,1.28152044533
1602,QLD,2017-03-20,1.28429586326
1603,QLD,2017-03-21,1.24616402492
1604,QLD,2017-03-22,1.26267779055
1605,QLD,2017-03-23,1.25676273905
1606,QLD,2017-03-24,1.26038427504
1607,QLD,2017-03-27,1.2654542226
1608,QLD,2017-03-28,1.28054362591
1609,QLD,2017-03-29,1.29249440976
1610,QLD,2017-03-30,1.29611584917
1611,QLD,2017-03-31,1.29478799771
1612,QLD,2017-04-03,1.29285647643
1613,QLD,2017-04-04,1.29647793999
1614,QLD,2017-04-05,1.28657933411
1615,QLD,2017-04-06,1.28778652887
1616,QLD,2017-04-07,1.28645858083
1617,QLD,2017-04-10,1.28766577559
1618,QLD,2017-04-11,1.27668075238
1619,QLD,2017-04-12,1.2660577234
1620,QLD,2017-04-13,1.25531413431
1621,QLD,2017-04-17,1.27583574502
1622,QLD,2017-04-18,1.27257637228
1623,QLD,2017-04-19,1.27619783584
1624,QLD,2017-04-20,1.29647793999
1625,QLD,2017-04-21,1.29647793999
1626,QLD,2017-04-24,1.3277430432
1627,QLD,2017-04-25,1.34705748329
1628,QLD,2017-04-26,1.34319460976
1629,QLD,2017-04-27,1.3588875863
1630,QLD,2017-04-28,1.36371612389
1631,QLD,2017-05-01,1.38677268423
1632,QLD,2017-05-02,1.39244632576
1633,QLD,2017-05-03,1.3833926548
1634,QLD,2017-05-04,1.38435841544
1635,QLD,2017-05-05,1.39425699717
1636,QLD,2017-05-08,1.40029280196
1637,QLD,2017-05-09,1.41019140783
1638,QLD,2017-05-10,1.41139848186
1639,QLD,2017-05-11,1.40910496635
1640,QLD,2017-05-12,1.41550286196
1641,QLD,2017-05-15,1.42419436966
1642,QLD,2017-05-16,1.43650722018
1643,QLD,2017-05-17,1.36287111653
1644,QLD,2017-05-18,1.38604843015
1645,QLD,2017-05-19,1.39848203396
1646,QLD,2017-05-22,1.42202151084
1647,QLD,2017-05-23,1.42431502635
1648,QLD,2017-05-24,1.43783507164
1649,QLD,2017-05-25,1.4616159585
1650,QLD,2017-05-26,1.46668590606
1651,QLD,2017-05-30,1.4694624347
1652,QLD,2017-05-31,1.4676516667
1653,QLD,2017-06-01,1.48044745791
1654,QLD,2017-06-02,1.51255766506
1655,QLD,2017-06-05,1.5123161585
1656,QLD,2017-06-06,1.50121040616
1657,QLD,2017-06-07,1.51195409183
1658,QLD,2017-06-08,1.51545477796
1659,QLD,2017-06-09,1.43928374882
1660,QLD,2017-06-12,1.4233493623
1661,QLD,2017-06-13,1.44640580191
1662,QLD,2017-06-14,1.43348935401
1663,QLD,2017-06-15,1.42008998957
1664,QLD,2017-06-16,1.40982922043
1665,QLD,2017-06-19,1.45509730961
1666,QLD,2017-06-20,1.43276509993
1667,QLD,2017-06-21,1.46082252663
1668,QLD,2017-06-22,1.45973601271
1669,QLD,2017-06-23,1.47048090567
1670,QLD,2017-06-26,1.45732138173
1671,QLD,2017-06-27,1.40444204499
1672,QLD,2017-06-28,1.4435582604
1673,QLD,2017-06-29,1.39393858615
1674,QLD,2017-06-30,1.39224837827
1675,QLD,2017-07-03,1.36556723956
1676,QLD,2017-07-05,1.39212762499
1677,QLD,2017-07-06,1.36665375348
1678,QLD,2017-07-07,1.39514585335
1679,QLD,2017-07-10,1.4144625873
1680,QLD,2017-07-11,1.4221892519
1681,QLD,2017-07-12,1.45659703107
1682,QLD,2017-07-13,1.46263348779
1683,QLD,2017-07-14,1.48484760023
1684,QLD,2017-07-17,1.48641712727
1685,QLD,2017-07-18,1.506699646
1686,QLD,2017-07-19,1.52408456892
1687,QLD,2017-07-20,1.52794790123
1688,QLD,2017-07-21,1.52577477681
1689,QLD,2017-07-24,1.53929646401
1690,QLD,2017-07-25,1.53277709075
1691,QLD,2017-07-26,1.54219393909
1692,QLD,2017-07-27,1.52408456892
1693,QLD,2017-07-28,1.51997982664
1694,QLD,2017-07-31,1.5064581153
1695,QLD,2017-08-01,1.5129775127
1696,QLD,2017-08-02,1.52118709384
1697,QLD,2017-08-03,1.51104589484
1698,QLD,2017-08-04,1.51490922714
1699,QLD,2017-08-07,1.53326000729
1700,QLD,2017-08-08,1.52891375845
1701,QLD,2017-08-09,1.52456748546
1702,QLD,2017-08-10,1.45840799223
1703,QLD,2017-08-11,1.48038067055
1704,QLD,2017-08-14,1.51877255945
1705,QLD,2017-08-15,1.52070417731
1706,QLD,2017-08-16,1.5264991999
1707,QLD,2017-08-17,1.46420291825
1708,QLD,2017-08-18,1.46033961009
1709,QLD,2017-08-21,1.45864940221
1710,QLD,2017-08-22,1.50211186646
1711,QLD,2017-08-23,1.49076340026
1712,QLD,2017-08-24,1.48303663907
1713,QLD,2017-08-25,1.47627583169
1714,QLD,2017-08-28,1.48376108631
1715,QLD,2017-08-29,1.49607540974
1716,QLD,2017-08-30,1.53181123353
1717,QLD,2017-08-31,1.56030340584
1718,QLD,2017-09-01,1.56006189928
1719,QLD,2017-09-05,1.53132829284
1720,QLD,2017-09-06,1.54026232123
1721,QLD,2017-09-07,1.54774745513
1722,QLD,2017-09-08,1.52142850382
1723,QLD,2017-09-11,1.55426694911
1724,QLD,2017-09-12,1.56295944679
1725,QLD,2017-09-13,1.56730571978
1726,QLD,2017-09-14,1.54847180579
1727,QLD,2017-09-15,1.55837169139
1728,QLD,2017-09-18,1.55499129978
1729,QLD,2017-09-19,1.56030340584
1730,QLD,2017-09-20,1.55112787089
1731,QLD,2017-09-21,1.53084547289
1732,QLD,2017-09-22,1.52843081776
1733,QLD,2017-09-25,1.49655835042
1734,QLD,2017-09-26,1.50380207434
1735,QLD,2017-09-27,1.53060394218
1736,QLD,2017-09-28,1.52915526501
1737,QLD,2017-09-29,1.55064502679
1738,QLD,2017-10-02,1.55281807877
1739,QLD,2017-10-03,1.56054471923
1740,QLD,2017-10-04,1.56271794023
1741,QLD,2017-10-05,1.5936245745
1742,QLD,2017-10-06,1.59700496612
1743,QLD,2017-10-09,1.5941074186
1744,QLD,2017-10-10,1.59628063961
1745,QLD,2017-10-11,1.60593899451
1746,QLD,2017-10-12,1.59990253778
1747,QLD,2017-10-13,1.61149243811
1748,QLD,2017-10-16,1.62259949433
1749,QLD,2017-10-17,1.62622139251
1750,QLD,2017-10-18,1.62259949433
1751,QLD,2017-10-19,1.61052658089
1752,QLD,2017-10-20,1.61873625861
1753,QLD,2017-10-23,1.59772931678
1754,QLD,2017-10-24,1.6037657735
1755,QLD,2017-10-25,1.59072700284
1756,QLD,2017-10-26,1.58155166106
1757,QLD,2017-10-27,1.6708911481
1758,QLD,2017-10-30,1.68006668305
1759,QLD,2017-10-31,1.69213959649
1760,QLD,2017-11-01,1.69141524583
1761,QLD,2017-11-02,1.68368858123
1762,QLD,2017-11-03,1.71556107272
1763,QLD,2017-11-06,1.72860703884
1764,SPXL,2016-11-07,1.0
1765,SPXL,2016-11-08,1.01398668485
1766,SPXL,2016-11-09,1.04651406065
1767,SPXL,2016-11-10,1.05323642835
1768,SPXL,2016-11-11,1.04727303275
1769,SPXL,2016-11-14,1.04889940154
1770,SPXL,2016-11-15,1.07286123505
1771,SPXL,2016-11-16,1.06874114415
1772,SPXL,2016-11-17,1.0835953558
1773,SPXL,2016-11-18,1.07622248395
1774,SPXL,2016-11-21,1.09996738155
1775,SPXL,2016-11-22,1.10723191555
1776,SPXL,2016-11-23,1.10929189594
1777,SPXL,2016-11-25,1.12111021919
1778,SPXL,2016-11-28,1.10560550339
1779,SPXL,2016-11-29,1.11113520064
1780,SPXL,2016-11-30,1.10213591664
1781,SPXL,2016-12-01,1.09085975969
1782,SPXL,2016-12-02,1.09205243014
1783,SPXL,2016-12-05,1.1109183081
1784,SPXL,2016-12-06,1.12219446505
1785,SPXL,2016-12-07,1.16610646574
1786,SPXL,2016-12-08,1.17543098014
1787,SPXL,2016-12-09,1.19646530645
1788,SPXL,2016-12-12,1.19212827964
1789,SPXL,2016-12-13,1.21489752944
1790,SPXL,2016-12-14,1.18638181996
1791,SPXL,2016-12-15,1.20047701613
1792,SPXL,2016-12-16,1.19386311639
1793,SPXL,2016-12-19,1.20036859155
1794,SPXL,2016-12-20,1.21435536314
1795,SPXL,2016-12-21,1.20524774129
1796,SPXL,2016-12-22,1.19885064734
1797,SPXL,2016-12-23,1.20210342829
1798,SPXL,2016-12-27,1.2107773518
1799,SPXL,2016-12-28,1.18280376525
1800,SPXL,2016-12-29,1.18074374148
1801,SPXL,2016-12-30,1.16827491409
1802,SPXL,2017-01-03,1.1929957197
1803,SPXL,2017-01-04,1.21413855734
1804,SPXL,2017-01-05,1.21131947473
1805,SPXL,2017-01-06,1.22498101594
1806,SPXL,2017-01-09,1.21337958524
1807,SPXL,2017-01-10,1.21229525264
1808,SPXL,2017-01-11,1.22237873914
1809,SPXL,2017-01-12,1.21359639104
1810,SPXL,2017-01-13,1.22129453665
1811,SPXL,2017-01-17,1.20817516174
1812,SPXL,2017-01-18,1.21598173193
1813,SPXL,2017-01-19,1.20297073824
1814,SPXL,2017-01-20,1.21478906149
1815,SPXL,2017-01-23,1.20611505124
1816,SPXL,2017-01-24,1.22855894054
1817,SPXL,2017-01-25,1.25902633594
1818,SPXL,2017-01-26,1.25609882875
1819,SPXL,2017-01-27,1.25111129779
1820,SPXL,2017-01-30,1.22845060269
1821,SPXL,2017-01-31,1.22682419053
1822,SPXL,2017-02-01,1.22845060269
1823,SPXL,2017-02-02,1.22931791264
1824,SPXL,2017-02-03,1.25468930913
1825,SPXL,2017-02-06,1.24883438149
1826,SPXL,2017-02-07,1.24883438149
1827,SPXL,2017-02-08,1.25295447239
1828,SPXL,2017-02-09,1.2750731313
1829,SPXL,2017-02-10,1.28981887499
1830,SPXL,2017-02-13,1.31031112175
1831,SPXL,2017-02-14,1.32733378175
1832,SPXL,2017-02-15,1.34685020723
1833,SPXL,2017-02-16,1.34435639838
1834,SPXL,2017-02-17,1.34912712353
1835,SPXL,2017-02-21,1.37265525869
1836,SPXL,2017-02-22,1.37059523493
1837,SPXL,2017-02-23,1.37298048908
1838,SPXL,2017-02-24,1.37861861092
1839,SPXL,2017-02-27,1.38371460984
1840,SPXL,2017-02-28,1.37243840952
1841,SPXL,2017-03-01,1.42936131717
1842,SPXL,2017-03-02,1.40399000742
1843,SPXL,2017-03-03,1.40615849914
1844,SPXL,2017-03-06,1.39303903749
1845,SPXL,2017-03-07,1.38122080099
1846,SPXL,2017-03-08,1.37319738162
1847,SPXL,2017-03-09,1.37688377418
1848,SPXL,2017-03-10,1.39022004163
1849,SPXL,2017-03-13,1.39260542589
1850,SPXL,2017-03-14,1.37645007583
1851,SPXL,2017-03-15,1.41092918092
1852,SPXL,2017-03-16,1.40518272123
1853,SPXL,2017-03-17,1.39705087728
1854,SPXL,2017-03-20,1.39162964798
1855,SPXL,2017-03-21,1.33926044284
1856,SPXL,2017-03-22,1.34663331469
1857,SPXL,2017-03-23,1.34273002959
1858,SPXL,2017-03-24,1.34067000583
1859,SPXL,2017-03-27,1.33492354614
1860,SPXL,2017-03-28,1.36322236308
1861,SPXL,2017-03-29,1.36886039818
1862,SPXL,2017-03-30,1.37970285678
1863,SPXL,2017-03-31,1.36994464404
1864,SPXL,2017-04-03,1.36452341474
1865,SPXL,2017-04-04,1.36669194983
1866,SPXL,2017-04-05,1.35227143653
1867,SPXL,2017-04-06,1.36376444264
1868,SPXL,2017-04-07,1.36007805009
1869,SPXL,2017-04-10,1.36170433214
1870,SPXL,2017-04-11,1.35758424124
1871,SPXL,2017-04-12,1.34034477544
1872,SPXL,2017-04-13,1.31421440684
1873,SPXL,2017-04-17,1.34739228679
1874,SPXL,2017-04-18,1.3354656257
1875,SPXL,2017-04-19,1.32830964639
1876,SPXL,2017-04-20,1.35953588379
1877,SPXL,2017-04-21,1.3463080843
1878,SPXL,2017-04-24,1.38956953748
1879,SPXL,2017-04-25,1.41418178839
1880,SPXL,2017-04-26,1.41309762927
1881,SPXL,2017-04-27,1.41645879144
1882,SPXL,2017-04-28,1.4069173845
1883,SPXL,2017-05-01,1.41515773977
1884,SPXL,2017-05-02,1.41819362818
1885,SPXL,2017-05-03,1.41125445468
1886,SPXL,2017-05-04,1.41602517983
1887,SPXL,2017-05-05,1.43293937188
1888,SPXL,2017-05-08,1.43337298348
1889,SPXL,2017-05-09,1.42990348347
1890,SPXL,2017-05-10,1.43597526029
1891,SPXL,2017-05-11,1.42816864672
1892,SPXL,2017-05-12,1.42079568814
1893,SPXL,2017-05-15,1.44074594207
1894,SPXL,2017-05-16,1.43814370864
1895,SPXL,2017-05-17,1.36354763684
1896,SPXL,2017-05-18,1.37742594048
1897,SPXL,2017-05-19,1.40344788449
1898,SPXL,2017-05-22,1.42556641329
1899,SPXL,2017-05-23,1.43467420862
1900,SPXL,2017-05-24,1.44421544208
1901,SPXL,2017-05-25,1.46459930762
1902,SPXL,2017-05-26,1.46590035928
1903,SPXL,2017-05-30,1.46156346258
1904,SPXL,2017-05-31,1.45939501423
1905,SPXL,2017-06-01,1.49322339832
1906,SPXL,2017-06-02,1.50666813372
1907,SPXL,2017-06-05,1.50319846023
1908,SPXL,2017-06-06,1.49018755328
1909,SPXL,2017-06-07,1.49886152016
1910,SPXL,2017-06-08,1.50059618343
1911,SPXL,2017-06-09,1.49409083838
1912,SPXL,2017-06-12,1.49192239003
1913,SPXL,2017-06-13,1.51317347877
1914,SPXL,2017-06-14,1.50840279699
1915,SPXL,2017-06-15,1.49929517514
1916,SPXL,2017-06-16,1.49842773508
1917,SPXL,2017-06-19,1.53529222443
1918,SPXL,2017-06-20,1.50710174533
1919,SPXL,2017-06-21,1.50493329698
1920,SPXL,2017-06-22,1.50146362349
1921,SPXL,2017-06-23,1.50840279699
1922,SPXL,2017-06-26,1.50883658207
1923,SPXL,2017-06-27,1.47500798113
1924,SPXL,2017-06-28,1.51143864203
1925,SPXL,2017-06-29,1.47283953278
1926,SPXL,2017-06-30,1.48021249137
1927,SPXL,2017-07-03,1.48671787979
1928,SPXL,2017-07-05,1.49669289833
1929,SPXL,2017-07-06,1.45766017748
1930,SPXL,2017-07-07,1.48324837978
1931,SPXL,2017-07-10,1.48758527648
1932,SPXL,2017-07-11,1.48541682813
1933,SPXL,2017-07-12,1.51837781553
1934,SPXL,2017-07-13,1.52575077412
1935,SPXL,2017-07-14,1.54483345788
1936,SPXL,2017-07-17,1.54483345788
1937,SPXL,2017-07-18,1.54743569132
1938,SPXL,2017-07-19,1.57259010853
1939,SPXL,2017-07-20,1.57389133367
1940,SPXL,2017-07-21,1.57085544526
1941,SPXL,2017-07-24,1.56868682343
1942,SPXL,2017-07-25,1.58039672209
1943,SPXL,2017-07-26,1.58039672209
1944,SPXL,2017-07-27,1.57605978202
1945,SPXL,2017-07-28,1.56955426349
1946,SPXL,2017-07-31,1.56695216017
1947,SPXL,2017-08-01,1.57649339362
1948,SPXL,2017-08-02,1.57866205882
1949,SPXL,2017-08-03,1.57085544526
1950,SPXL,2017-08-04,1.57822823037
1951,SPXL,2017-08-07,1.58516740387
1952,SPXL,2017-08-08,1.57562617042
1953,SPXL,2017-08-09,1.57345754859
1954,SPXL,2017-08-10,1.50840279699
1955,SPXL,2017-08-11,1.51317347877
1956,SPXL,2017-08-14,1.55741075323
1957,SPXL,2017-08-15,1.55741075323
1958,SPXL,2017-08-16,1.56521732342
1959,SPXL,2017-08-17,1.49192239003
1960,SPXL,2017-08-18,1.48454943144
1961,SPXL,2017-08-21,1.48888650162
1962,SPXL,2017-08-22,1.53268994762
1963,SPXL,2017-08-23,1.51751059232
1964,SPXL,2017-08-24,1.50623434864
1965,SPXL,2017-08-25,1.51534197049
1966,SPXL,2017-08-28,1.51751059232
1967,SPXL,2017-08-29,1.52054643736
1968,SPXL,2017-08-30,1.54396601783
1969,SPXL,2017-08-31,1.56998804857
1970,SPXL,2017-09-01,1.57822823037
1971,SPXL,2017-09-05,1.54396601783
1972,SPXL,2017-09-06,1.55784436483
1973,SPXL,2017-09-07,1.55827814992
1974,SPXL,2017-09-08,1.55090519133
1975,SPXL,2017-09-11,1.59947953597
1976,SPXL,2017-09-12,1.61639372801
1977,SPXL,2017-09-13,1.61942961642
1978,SPXL,2017-09-14,1.61769477967
1979,SPXL,2017-09-15,1.62289911643
1980,SPXL,2017-09-18,1.63244052337
1981,SPXL,2017-09-19,1.63721124852
1982,SPXL,2017-09-20,1.64068092201
1983,SPXL,2017-09-21,1.62680240153
1984,SPXL,2017-09-22,1.62680240153
1985,SPXL,2017-09-25,1.61769477967
1986,SPXL,2017-09-26,1.61986322802
1987,SPXL,2017-09-27,1.63677763692
1988,SPXL,2017-09-28,1.64284937036
1989,SPXL,2017-09-29,1.65802876903
1990,SPXL,2017-10-02,1.68101469452
1991,SPXL,2017-10-03,1.69229093821
1992,SPXL,2017-10-04,1.69706166336
1993,SPXL,2017-10-05,1.72698680573
1994,SPXL,2017-10-06,1.72134868388
1995,SPXL,2017-10-09,1.71397585541
1996,SPXL,2017-10-10,1.72611936567
1997,SPXL,2017-10-11,1.73435976431
1998,SPXL,2017-10-12,1.72611936567
1999,SPXL,2017-10-13,1.73175748751
2000,SPXL,2017-10-16,1.73826304941
2001,SPXL,2017-10-17,1.74173254942
2002,SPXL,2017-10-18,1.74606944612
2003,SPXL,2017-10-19,1.74867172292
2004,SPXL,2017-10-20,1.77295887356
2005,SPXL,2017-10-23,1.75474345637
2006,SPXL,2017-10-24,1.76298385502
2007,SPXL,2017-10-25,1.73782926432
2008,SPXL,2017-10-26,1.74346738617
2009,SPXL,2017-10-27,1.78466877221
2010,SPXL,2017-10-30,1.76645335503
2011,SPXL,2017-10-31,1.77252508847
2012,SPXL,2017-11-01,1.78119909872
2013,SPXL,2017-11-02,1.78250010702
2014,SPXL,2017-11-03,1.79811329077
2015,SPXL,2017-11-06,1.80938953445
2016,UPRO,2016-11-07,1.0
2017,UPRO,2016-11-08,1.01358702842
2018,UPRO,2016-11-09,1.04805493559
2019,UPRO,2016-11-10,1.05449091975
2020,UPRO,2016-11-11,1.04748283889
2021,UPRO,2016-11-14,1.04948511297
2022,UPRO,2016-11-15,1.07394162111
2023,UPRO,2016-11-16,1.06850688125
2024,UPRO,2016-11-17,1.08409618376
2025,UPRO,2016-11-18,1.0769451538
2026,UPRO,2016-11-21,1.10111556353
2027,UPRO,2016-11-22,1.1075515477
2028,UPRO,2016-11-23,1.10955383609
2029,UPRO,2016-11-25,1.1222826551
2030,UPRO,2016-11-28,1.1064073686
2031,UPRO,2016-11-29,1.11270030357
2032,UPRO,2016-11-30,1.10383298352
2033,UPRO,2016-12-01,1.09110416451
2034,UPRO,2016-12-02,1.09310643859
2035,UPRO,2016-12-05,1.11155611017
2036,UPRO,2016-12-06,1.12385589599
2037,UPRO,2016-12-07,1.16676207571
2038,UPRO,2016-12-08,1.17562928134
2039,UPRO,2016-12-09,1.1966533237
2040,UPRO,2016-12-12,1.19336390713
2041,UPRO,2016-12-13,1.21610413948
2042,UPRO,2016-12-14,1.18835810035
2043,UPRO,2016-12-15,1.20051493709
2044,UPRO,2016-12-16,1.19536619552
2045,UPRO,2016-12-19,1.20194512877
2046,UPRO,2016-12-20,1.21467394779
2047,UPRO,2016-12-21,1.20566369295
2048,UPRO,2016-12-22,1.19994285469
2049,UPRO,2016-12-23,1.20351836967
2050,UPRO,2016-12-27,1.2126716737
2051,UPRO,2016-12-28,1.18378145549
2052,UPRO,2016-12-29,1.1817791671
2053,UPRO,2016-12-30,1.16962244478
2054,UPRO,2017-01-03,1.19493714802
2055,UPRO,2017-01-04,1.21624718868
2056,UPRO,2017-01-05,1.2125286245
2057,UPRO,2017-01-06,1.22625858771
2058,UPRO,2017-01-09,1.21467394779
2059,UPRO,2017-01-10,1.2126716737
2060,UPRO,2017-01-11,1.22254012364
2061,UPRO,2017-01-12,1.21453089858
2062,UPRO,2017-01-13,1.22211097603
2063,UPRO,2017-01-17,1.21081244882
2064,UPRO,2017-01-18,1.21710526937
2065,UPRO,2017-01-19,1.20437645035
2066,UPRO,2017-01-20,1.21681928538
2067,UPRO,2017-01-23,1.20737986863
2068,UPRO,2017-01-24,1.23040619938
2069,UPRO,2017-01-25,1.26029756179
2070,UPRO,2017-01-26,1.2574370783
2071,UPRO,2017-01-27,1.25300348264
2072,UPRO,2017-01-30,1.23040619938
2073,UPRO,2017-01-31,1.2296911536
2074,UPRO,2017-02-01,1.23040619938
2075,UPRO,2017-02-02,1.23212248948
2076,UPRO,2017-02-03,1.2568649816
2077,UPRO,2017-02-06,1.25157329095
2078,UPRO,2017-02-07,1.25071509584
2079,UPRO,2017-02-08,1.25572090262
2080,UPRO,2017-02-09,1.27717399248
2081,UPRO,2017-02-10,1.29219108387
2082,UPRO,2017-02-13,1.31192799805
2083,UPRO,2017-02-14,1.32880444304
2084,UPRO,2017-02-15,1.34868429201
2085,UPRO,2017-02-16,1.34610992123
2086,UPRO,2017-02-17,1.35140161188
2087,UPRO,2017-02-21,1.37471404104
2088,UPRO,2017-02-22,1.37228260504
2089,UPRO,2017-02-23,1.37571517093
2090,UPRO,2017-02-24,1.3802918301
2091,UPRO,2017-02-27,1.38644171586
2092,UPRO,2017-02-28,1.37614421843
2093,UPRO,2017-03-01,1.43163616795
2094,UPRO,2017-03-02,1.40732272332
2095,UPRO,2017-03-03,1.4086098515
2096,UPRO,2017-03-06,1.39631006568
2097,UPRO,2017-03-07,1.38386734508
2098,UPRO,2017-03-08,1.37485697583
2099,UPRO,2017-03-09,1.3797197334
2100,UPRO,2017-03-10,1.39330664741
2101,UPRO,2017-03-13,1.395451985
2102,UPRO,2017-03-14,1.38114992509
2103,UPRO,2017-03-15,1.41390165658
2104,UPRO,2017-03-16,1.40832385321
2105,UPRO,2017-03-17,1.39902749997
2106,UPRO,2017-03-20,1.3950229375
2107,UPRO,2017-03-21,1.34196230955
2108,UPRO,2017-03-22,1.3501144837
2109,UPRO,2017-03-23,1.34553782453
2110,UPRO,2017-03-24,1.34282039024
2111,UPRO,2017-03-27,1.33795774708
2112,UPRO,2017-03-28,1.36584672099
2113,UPRO,2017-03-29,1.37213965595
2114,UPRO,2017-03-30,1.38286620088
2115,UPRO,2017-03-31,1.37314080015
2116,UPRO,2017-04-03,1.36784899508
2117,UPRO,2017-04-04,1.37013738187
2118,UPRO,2017-04-05,1.35626436946
2119,UPRO,2017-04-06,1.36741996188
2120,UPRO,2017-04-07,1.36341539941
2121,UPRO,2017-04-10,1.3655607227
2122,UPRO,2017-04-11,1.36069796512
2123,UPRO,2017-04-12,1.34353553614
2124,UPRO,2017-04-13,1.31793484891
2125,UPRO,2017-04-17,1.35125866279
2126,UPRO,2017-04-18,1.33838679458
2127,UPRO,2017-04-19,1.33152174861
2128,UPRO,2017-04-20,1.36255720431
2129,UPRO,2017-04-21,1.35111561359
2130,UPRO,2017-04-24,1.39402179331
2131,UPRO,2017-04-25,1.41847830144
2132,UPRO,2017-04-26,1.41647602736
2133,UPRO,2017-04-27,1.41990849313
2134,UPRO,2017-04-28,1.41118422229
2135,UPRO,2017-05-01,1.42005154234
2136,UPRO,2017-05-02,1.42248286392
2137,UPRO,2017-05-03,1.41790620475
2138,UPRO,2017-05-04,1.42062363903
2139,UPRO,2017-05-05,1.43850121392
2140,UPRO,2017-05-08,1.43764301881
2141,UPRO,2017-05-09,1.43378150554
2142,UPRO,2017-05-10,1.4403604388
2143,UPRO,2017-05-11,1.43249437736
2144,UPRO,2017-05-12,1.42534334741
2145,UPRO,2017-05-15,1.44651032456
2146,UPRO,2017-05-16,1.44336385708
2147,UPRO,2017-05-17,1.36741996188
2148,UPRO,2017-05-18,1.38157895828
2149,UPRO,2017-05-19,1.40846690242
2150,UPRO,2017-05-22,1.43106408556
2151,UPRO,2017-05-23,1.44007444051
2152,UPRO,2017-05-24,1.44822661465
2153,UPRO,2017-05-25,1.46867856032
2154,UPRO,2017-05-26,1.4693936061
2155,UPRO,2017-05-30,1.46581809113
2156,UPRO,2017-05-31,1.46338676955
2157,UPRO,2017-06-01,1.49756867842
2158,UPRO,2017-06-02,1.51201378753
2159,UPRO,2017-06-05,1.51001151344
2160,UPRO,2017-06-06,1.49642448502
2161,UPRO,2017-06-07,1.50314646748
2162,UPRO,2017-06-08,1.50500580678
2163,UPRO,2017-06-09,1.49871287182
2164,UPRO,2017-06-12,1.49671059773
2165,UPRO,2017-06-13,1.51830673679
2166,UPRO,2017-06-14,1.51301493172
2167,UPRO,2017-06-15,1.50343258019
2168,UPRO,2017-06-16,1.50343258019
2169,UPRO,2017-06-19,1.54147600233
2170,UPRO,2017-06-20,1.51201378753
2171,UPRO,2017-06-21,1.50886732005
2172,UPRO,2017-06-22,1.50715102995
2173,UPRO,2017-06-23,1.51358702842
2174,UPRO,2017-06-26,1.5148741566
2175,UPRO,2017-06-27,1.47969110354
2176,UPRO,2017-06-28,1.51687644499
2177,UPRO,2017-06-29,1.47854691014
2178,UPRO,2017-06-30,1.48555500531
2179,UPRO,2017-07-03,1.49284897005
2180,UPRO,2017-07-05,1.50257438509
2181,UPRO,2017-07-06,1.46252867456
2182,UPRO,2017-07-07,1.48941650427
2183,UPRO,2017-07-10,1.49356411595
2184,UPRO,2017-07-11,1.49013165018
2185,UPRO,2017-07-12,1.52374147665
2186,UPRO,2017-07-13,1.5308925066
2187,UPRO,2017-07-14,1.55120140307
2188,UPRO,2017-07-17,1.55134445227
2189,UPRO,2017-07-18,1.55377577385
2190,UPRO,2017-07-19,1.57894744219
2191,UPRO,2017-07-20,1.58009162128
2192,UPRO,2017-07-21,1.5769451538
2193,UPRO,2017-07-24,1.57537192721
2194,UPRO,2017-07-25,1.58481122954
2195,UPRO,2017-07-26,1.58609847214
2196,UPRO,2017-07-27,1.58237989366
2197,UPRO,2017-07-28,1.57494287972
2198,UPRO,2017-07-31,1.57279754213
2199,UPRO,2017-08-01,1.58209390967
2200,UPRO,2017-08-02,1.58395313455
2201,UPRO,2017-08-03,1.57651610631
2202,UPRO,2017-08-04,1.58323798865
2203,UPRO,2017-08-07,1.5916762612
2204,UPRO,2017-08-08,1.58180779696
2205,UPRO,2017-08-09,1.57937647538
2206,UPRO,2017-08-10,1.51372996321
2207,UPRO,2017-08-11,1.51945081577
2208,UPRO,2017-08-14,1.56407328559
2209,UPRO,2017-08-15,1.56378717288
2210,UPRO,2017-08-16,1.57079526804
2211,UPRO,2017-08-17,1.49814077512
2212,UPRO,2017-08-18,1.48970261698
2213,UPRO,2017-08-21,1.49427926185
2214,UPRO,2017-08-22,1.53832953485
2215,UPRO,2017-08-23,1.52302633075
2216,UPRO,2017-08-24,1.51258588423
2217,UPRO,2017-08-25,1.52259728326
2218,UPRO,2017-08-28,1.52288338166
2219,UPRO,2017-08-29,1.52717394242
2220,UPRO,2017-08-30,1.54991427488
2221,UPRO,2017-08-31,1.5760869587
2222,UPRO,2017-09-01,1.58466828045
2223,UPRO,2017-09-05,1.54877008149
2224,UPRO,2017-09-06,1.56450231878
2225,UPRO,2017-09-07,1.56335813968
2226,UPRO,2017-09-08,1.55677919213
2227,UPRO,2017-09-11,1.60583527191
2228,UPRO,2017-09-12,1.6234268485
2229,UPRO,2017-09-13,1.62643026677
2230,UPRO,2017-09-14,1.62414189428
2231,UPRO,2017-09-15,1.63129292424
2232,UPRO,2017-09-18,1.64001718078
2233,UPRO,2017-09-19,1.64387879416
2234,UPRO,2017-09-20,1.64645317925
2235,UPRO,2017-09-21,1.63243710333
2236,UPRO,2017-09-22,1.63329519832
2237,UPRO,2017-09-25,1.62314075009
2238,UPRO,2017-09-26,1.62600121928
2239,UPRO,2017-09-27,1.64359269575
2240,UPRO,2017-09-28,1.64988564502
2241,UPRO,2017-09-29,1.66576093151
2242,UPRO,2017-10-02,1.68692792297
2243,UPRO,2017-10-03,1.6990847597
2244,UPRO,2017-10-04,1.70451949956
2245,UPRO,2017-10-05,1.73383876527
2246,UPRO,2017-10-06,1.72940505519
2247,UPRO,2017-10-09,1.72082384785
2248,UPRO,2017-10-10,1.73240847347
2249,UPRO,2017-10-11,1.74056064761
2250,UPRO,2017-10-12,1.73312361937
2251,UPRO,2017-10-13,1.73770027854
2252,UPRO,2017-10-16,1.74528035599
2253,UPRO,2017-10-17,1.74899892017
2254,UPRO,2017-10-18,1.75400461253
2255,UPRO,2017-10-19,1.75557785342
2256,UPRO,2017-10-20,1.78074950746
2257,UPRO,2017-10-23,1.76129870599
2258,UPRO,2017-10-24,1.76959391503
2259,UPRO,2017-10-25,1.74499435769
2260,UPRO,2017-10-26,1.74856987267
2261,UPRO,2017-10-27,1.79304929328
2262,UPRO,2017-10-30,1.77316943001
2263,UPRO,2017-10-31,1.77960531406
2264,UPRO,2017-11-01,1.7887586324
2265,UPRO,2017-11-02,1.7899028258
2266,UPRO,2017-11-03,1.80606411059
2267,UPRO,2017-11-06,1.81736275221
2268,XBI,2016-11-07,1.0
2269,XBI,2016-11-08,1.00784793971
2270,XBI,2016-11-09,1.11231252471
2271,XBI,2016-11-10,1.14736662513
2272,XBI,2016-11-11,1.15469137818
2273,XBI,2016-11-14,1.18817581373
2274,XBI,2016-11-15,1.18085118306
2275,XBI,2016-11-16,1.14248341562
2276,XBI,2016-11-17,1.15940023293
2277,XBI,2016-11-18,1.15068030963
2278,XBI,2016-11-21,1.15730739889
2279,XBI,2016-11-22,1.1271363681
2280,XBI,2016-11-23,1.14649460657
2281,XBI,2016-11-25,1.15800506269
2282,XBI,2016-11-28,1.12225329847
2283,XBI,2016-11-29,1.12609001227
2284,XBI,2016-11-30,1.0929542163
2285,XBI,2016-12-01,1.06627134716
2286,XBI,2016-12-02,1.07795614055
2287,XBI,2016-12-05,1.1023718034
2288,XBI,2016-12-06,1.12277646764
2289,XBI,2016-12-07,1.07760723871
2290,XBI,2016-12-08,1.08301363487
2291,XBI,2016-12-09,1.07952566555
2292,XBI,2016-12-12,1.0634809717
2293,XBI,2016-12-13,1.06226013873
2294,XBI,2016-12-14,1.06208580146
2295,XBI,2016-12-15,1.08022313702
2296,XBI,2016-12-16,1.08071168702
2297,XBI,2016-12-19,1.06431349293
2298,XBI,2016-12-20,1.07687390667
2299,XBI,2016-12-21,1.0547188235
2300,XBI,2016-12-22,1.03744834858
2301,XBI,2016-12-23,1.07338480086
2302,XBI,2016-12-27,1.06326687483
2303,XBI,2016-12-28,1.04896200435
2304,XBI,2016-12-29,1.04076290731
2305,XBI,2016-12-30,1.03256374033
2306,XBI,2017-01-03,1.03954179458
2307,XBI,2017-01-04,1.08751526413
2308,XBI,2017-01-05,1.08978313482
2309,XBI,2017-01-06,1.10513457094
2310,XBI,2017-01-09,1.14019886478
2311,XBI,2017-01-10,1.14700245938
2312,XBI,2017-01-11,1.1075769013
2313,XBI,2017-01-12,1.12484730627
2314,XBI,2017-01-13,1.13391873659
2315,XBI,2017-01-17,1.10653021326
2316,XBI,2017-01-18,1.12066055414
2317,XBI,2017-01-19,1.10984470205
2318,XBI,2017-01-20,1.10164560501
2319,XBI,2017-01-23,1.08786409603
2320,XBI,2017-01-24,1.0892596859
2321,XBI,2017-01-25,1.09519105213
2322,XBI,2017-01-26,1.09257429708
2323,XBI,2017-01-27,1.10635573612
2324,XBI,2017-01-30,1.08716630984
2325,XBI,2017-01-31,1.13217419243
2326,XBI,2017-02-01,1.1332209504
2327,XBI,2017-02-02,1.13583749563
2328,XBI,2017-02-03,1.15101471687
2329,XBI,2017-02-06,1.14909569557
2330,XBI,2017-02-07,1.13950107859
2331,XBI,2017-02-08,1.14944464986
2332,XBI,2017-02-09,1.17002959607
2333,XBI,2017-02-10,1.16444727156
2334,XBI,2017-02-13,1.16845966893
2335,XBI,2017-02-14,1.18607895826
2336,XBI,2017-02-15,1.20561728638
2337,XBI,2017-02-16,1.19829040022
2338,XBI,2017-02-17,1.21154846028
2339,XBI,2017-02-21,1.20387274222
2340,XBI,2017-02-22,1.18259000981
2341,XBI,2017-02-23,1.17125084867
2342,XBI,2017-02-24,1.17299513057
2343,XBI,2017-02-27,1.22951684378
2344,XBI,2017-02-28,1.22480652034
2345,XBI,2017-03-01,1.24678717881
2346,XBI,2017-03-02,1.23161023732
2347,XBI,2017-03-03,1.24469368036
2348,XBI,2017-03-06,1.23387795066
2349,XBI,2017-03-07,1.21399066824
2350,XBI,2017-03-08,1.23178457459
2351,XBI,2017-03-09,1.23789036551
2352,XBI,2017-03-10,1.24731048786
2353,XBI,2017-03-13,1.24957835855
2354,XBI,2017-03-14,1.23579684957
2355,XBI,2017-03-15,1.26161544576
2356,XBI,2017-03-16,1.24661270167
2357,XBI,2017-03-17,1.2392838048
2358,XBI,2017-03-20,1.24137786275
2359,XBI,2017-03-21,1.18239764609
2360,XBI,2017-03-22,1.19391436164
2361,XBI,2017-03-23,1.18937757118
2362,XBI,2017-03-24,1.19914934043
2363,XBI,2017-03-27,1.21712267202
2364,XBI,2017-03-28,1.20944468098
2365,XBI,2017-03-29,1.21677370024
2366,XBI,2017-03-30,1.20839778313
2367,XBI,2017-03-31,1.2099681299
2368,XBI,2017-04-03,1.1919949207
2369,XBI,2017-04-04,1.19251836962
2370,XBI,2017-04-05,1.16791422459
2371,XBI,2017-04-06,1.16634361556
2372,XBI,2017-04-07,1.17471953266
2373,XBI,2017-04-10,1.17454517791
2374,XBI,2017-04-11,1.17122976245
2375,XBI,2017-04-12,1.17681371301
2376,XBI,2017-04-13,1.19478702712
2377,XBI,2017-04-17,1.20071980958
2378,XBI,2017-04-18,1.18396811525
2379,XBI,2017-04-19,1.18815593393
2380,XBI,2017-04-20,1.19705542234
2381,XBI,2017-04-21,1.18623651048
2382,XBI,2017-04-24,1.20682731398
2383,XBI,2017-04-25,1.23160609351
2384,XBI,2017-04-26,1.2310825222
2385,XBI,2017-04-27,1.24225040584
2386,XBI,2017-04-28,1.24661284154
2387,XBI,2017-05-01,1.2586531284
2388,XBI,2017-05-02,1.2371899042
2389,XBI,2017-05-03,1.22986114721
2390,XBI,2017-05-04,1.23404896589
2391,XBI,2017-05-05,1.22410259711
2392,XBI,2017-05-08,1.19094790047
2393,XBI,2017-05-09,1.21014260705
2394,XBI,2017-05-10,1.20735090277
2395,XBI,2017-05-11,1.20560567672
2396,XBI,2017-05-12,1.22200853915
2397,XBI,2017-05-15,1.22549857164
2398,XBI,2017-05-16,1.23335091743
2399,XBI,2017-05-17,1.19653197342
2400,XBI,2017-05-18,1.22148496784
2401,XBI,2017-05-19,1.20647835968
2402,XBI,2017-05-22,1.21467965977
2403,XBI,2017-05-23,1.21537770823
2404,XBI,2017-05-24,1.22323005402
2405,XBI,2017-05-25,1.21729714916
2406,XBI,2017-05-26,1.19914934043
2407,XBI,2017-05-30,1.17716252743
2408,XBI,2017-05-31,1.181525103
2409,XBI,2017-06-01,1.21415621085
2410,XBI,2017-06-02,1.24067979681
2411,XBI,2017-06-05,1.23300194565
2412,XBI,2017-06-06,1.23300194565
2413,XBI,2017-06-07,1.23596838934
2414,XBI,2017-06-08,1.24975376237
2415,XBI,2017-06-09,1.24504223251
2416,XBI,2017-06-12,1.24347190323
2417,XBI,2017-06-13,1.25760610817
2418,XBI,2017-06-14,1.26580767051
2419,XBI,2017-06-15,1.24853226499
2420,XBI,2017-06-16,1.25132849773
2421,XBI,2017-06-19,1.29606886852
2422,XBI,2017-06-20,1.3103996859
2423,XBI,2017-06-21,1.37209222751
2424,XBI,2017-06-22,1.38415106535
2425,XBI,2017-06-23,1.40355012997
2426,XBI,2017-06-26,1.39988000784
2427,XBI,2017-06-27,1.35042104348
2428,XBI,2017-06-28,1.38485019785
2429,XBI,2017-06-29,1.36702399775
2430,XBI,2017-06-30,1.34884831883
2431,XBI,2017-07-03,1.36160627168
2432,XBI,2017-07-05,1.38764643059
2433,XBI,2017-07-06,1.36248000371
2434,XBI,2017-07-07,1.36772313024
2435,XBI,2017-07-10,1.34727531443
2436,XBI,2017-07-11,1.36038276359
2437,XBI,2017-07-12,1.37331561321
2438,XBI,2017-07-13,1.38380156904
2439,XBI,2017-07-14,1.38187906833
2440,XBI,2017-07-17,1.36859686228
2441,XBI,2017-07-18,1.36702399775
2442,XBI,2017-07-19,1.38257820083
2443,XBI,2017-07-20,1.40057914033
2444,XBI,2017-07-21,1.41158934937
2445,XBI,2017-07-24,1.42871653937
2446,XBI,2017-07-25,1.40879323902
2447,XBI,2017-07-26,1.41193896807
2448,XBI,2017-07-27,1.37611184595
2449,XBI,2017-07-28,1.39358840986
2450,XBI,2017-07-31,1.36615012584
2451,XBI,2017-08-01,1.34727531443
2452,XBI,2017-08-02,1.34884831883
2453,XBI,2017-08-03,1.34273146026
2454,XBI,2017-08-04,1.36719875465
2455,XBI,2017-08-07,1.37279136001
2456,XBI,2017-08-08,1.35741177395
2457,XBI,2017-08-09,1.35024642646
2458,XBI,2017-08-10,1.30148659459
2459,XBI,2017-08-11,1.32420614516
2460,XBI,2017-08-14,1.33591560908
2461,XBI,2017-08-15,1.3364398448
2462,XBI,2017-08-16,1.33678934111
2463,XBI,2017-08-17,1.31127343541
2464,XBI,2017-08-18,1.3098753103
2465,XBI,2017-08-21,1.31721553708
2466,XBI,2017-08-22,1.34867343954
2467,XBI,2017-08-23,1.3451781967
2468,XBI,2017-08-24,1.37279136001
2469,XBI,2017-08-25,1.35985852787
2470,XBI,2017-08-28,1.40215214474
2471,XBI,2017-08-29,1.40844360284
2472,XBI,2017-08-30,1.42539593103
2473,XBI,2017-08-31,1.46506805457
2474,XBI,2017-09-01,1.47887463622
2475,XBI,2017-09-05,1.4676895479
2476,XBI,2017-09-06,1.47188390575
2477,XBI,2017-09-07,1.47415590277
2478,XBI,2017-09-08,1.46489329767
2479,XBI,2017-09-11,1.46594180408
2480,XBI,2017-09-12,1.45965018862
2481,XBI,2017-09-13,1.45982494552
2482,XBI,2017-09-14,1.45388296624
2483,XBI,2017-09-15,1.46274764316
2484,XBI,2017-09-18,1.46921679554
2485,XBI,2017-09-19,1.46327214114
2486,XBI,2017-09-20,1.48914903043
2487,XBI,2017-09-21,1.47900802495
2488,XBI,2017-09-22,1.46711875113
2489,XBI,2017-09-25,1.47306338804
2490,XBI,2017-09-26,1.45557895614
2491,XBI,2017-09-27,1.47690998055
2492,XBI,2017-09-28,1.50156295959
2493,XBI,2017-09-29,1.51362727006
2494,XBI,2017-10-02,1.53810549221
2495,XBI,2017-10-03,1.53478341518
2496,XBI,2017-10-04,1.54282623638
2497,XBI,2017-10-05,1.54754710293
2498,XBI,2017-10-06,1.5442250259
2499,XBI,2017-10-09,1.53390926353
2500,XBI,2017-10-10,1.53216071543
2501,XBI,2017-10-11,1.52761486804
2502,XBI,2017-10-12,1.52621607852
2503,XBI,2017-10-13,1.51520093887
2504,XBI,2017-10-16,1.51974678626
2505,XBI,2017-10-17,1.51659958852
2506,XBI,2017-10-18,1.50768261567
2507,XBI,2017-10-19,1.49859064114
2508,XBI,2017-10-20,1.49701711221
2509,XBI,2017-10-23,1.47673510126
2510,XBI,2017-10-24,1.46134885363
2511,XBI,2017-10-25,1.44893492447
2512,XBI,2017-10-26,1.43040133922
2513,XBI,2017-10-27,1.46519544614
2514,XBI,2017-10-30,1.46886715935
2515,XBI,2017-10-31,1.4623978671
2516,XBI,2017-11-01,1.44194111673
2517,XBI,2017-11-02,1.46694387184
2518,XBI,2017-11-03,1.49666733615
2519,XBI,2017-11-06,1.48984842519
2520,^GSPC,2016-11-07,1.0
2521,^GSPC,2016-11-08,1.00377197442
2522,^GSPC,2016-11-09,1.01489077733
2523,^GSPC,2016-11-10,1.01687057108
2524,^GSPC,2016-11-11,1.01544903669
2525,^GSPC,2016-11-14,1.0153317495
2526,^GSPC,2016-11-15,1.02292724091
2527,^GSPC,2016-11-16,1.02130870016
2528,^GSPC,2016-11-17,1.02608471723
2529,^GSPC,2016-11-18,1.02363565978
2530,^GSPC,2016-11-21,1.03127341586
2531,^GSPC,2016-11-22,1.03350656824
2532,^GSPC,2016-11-23,1.03434166713
2533,^GSPC,2016-11-25,1.03839048061
2534,^GSPC,2016-11-28,1.03293422081
2535,^GSPC,2016-11-29,1.03431349052
2536,^GSPC,2016-11-30,1.03156903917
2537,^GSPC,2016-12-01,1.02794252807
2538,^GSPC,2016-12-02,1.02835062792
2539,^GSPC,2016-12-05,1.03433697095
2540,^GSPC,2016-12-06,1.03786497863
2541,^GSPC,2016-12-07,1.05152664623
2542,^GSPC,2016-12-08,1.05379725263
2543,^GSPC,2016-12-09,1.06005573853
2544,^GSPC,2016-12-12,1.05884999429
2545,^GSPC,2016-12-13,1.06577463485
2546,^GSPC,2016-12-14,1.05712355871
2547,^GSPC,2016-12-15,1.06122861046
2548,^GSPC,2016-12-16,1.05937079962
2549,^GSPC,2016-12-19,1.06146318485
2550,^GSPC,2016-12-20,1.06532427033
2551,^GSPC,2016-12-21,1.06270638359
2552,^GSPC,2016-12-22,1.06072658938
2553,^GSPC,2016-12-23,1.06205431699
2554,^GSPC,2016-12-27,1.06444221106
2555,^GSPC,2016-12-28,1.05554716864
2556,^GSPC,2016-12-29,1.05523757173
2557,^GSPC,2016-12-30,1.05034438194
2558,^GSPC,2017-01-03,1.05925820861
2559,^GSPC,2017-01-04,1.06531957415
2560,^GSPC,2017-01-05,1.0644985638
2561,^GSPC,2017-01-06,1.06824236162
2562,^GSPC,2017-01-09,1.06445160295
2563,^GSPC,2017-01-10,1.06445160295
2564,^GSPC,2017-01-11,1.06746361594
2565,^GSPC,2017-01-12,1.06517411035
2566,^GSPC,2017-01-13,1.06714451268
2567,^GSPC,2017-01-17,1.06397775846
2568,^GSPC,2017-01-18,1.06585435355
2569,^GSPC,2017-01-19,1.06200735614
2570,^GSPC,2017-01-20,1.06558232514
2571,^GSPC,2017-01-23,1.06271577548
2572,^GSPC,2017-01-24,1.06969207261
2573,^GSPC,2017-01-25,1.07827751813
2574,^GSPC,2017-01-26,1.07748456991
2575,^GSPC,2017-01-27,1.07655096807
2576,^GSPC,2017-01-30,1.07008138821
2577,^GSPC,2017-01-31,1.06912911707
2578,^GSPC,2017-02-01,1.06944810633
2579,^GSPC,2017-02-02,1.07005802273
2580,^GSPC,2017-02-03,1.07783173531
2581,^GSPC,2017-02-06,1.07555173655
2582,^GSPC,2017-02-07,1.07579570282
2583,^GSPC,2017-02-08,1.07654157618
2584,^GSPC,2017-02-09,1.08273443146
2585,^GSPC,2017-02-10,1.08659551694
2586,^GSPC,2017-02-13,1.09229562854
2587,^GSPC,2017-02-14,1.09667282318
2588,^GSPC,2017-02-15,1.10214775276
2589,^GSPC,2017-02-16,1.10119536714
2590,^GSPC,2017-02-17,1.10304378563
2591,^GSPC,2017-02-21,1.10971506756
2592,^GSPC,2017-02-22,1.1085141335
2593,^GSPC,2017-02-23,1.10897858656
2594,^GSPC,2017-02-24,1.11063469533
2595,^GSPC,2017-02-27,1.11176530258
2596,^GSPC,2017-02-28,1.10889875339
2597,^GSPC,2017-03-01,1.1240616736
2598,^GSPC,2017-03-02,1.11747480655
2599,^GSPC,2017-03-03,1.11803787656
2600,^GSPC,2017-03-06,1.11437379744
2601,^GSPC,2017-03-07,1.11112721006
2602,^GSPC,2017-03-08,1.10858915601
2603,^GSPC,2017-03-09,1.10947591147
2604,^GSPC,2017-03-10,1.11310242256
2605,^GSPC,2017-03-13,1.11351052241
2606,^GSPC,2017-03-14,1.10974793988
2607,^GSPC,2017-03-15,1.11904180473
2608,^GSPC,2017-03-16,1.11722144791
2609,^GSPC,2017-03-17,1.11575306715
2610,^GSPC,2017-03-20,1.11351052241
2611,^GSPC,2017-03-21,1.09969411406
2612,^GSPC,2017-03-22,1.10177241075
2613,^GSPC,2017-03-23,1.100604235
2614,^GSPC,2017-03-24,1.09967532935
2615,^GSPC,2017-03-27,1.09855411445
2616,^GSPC,2017-03-28,1.10652025121
2617,^GSPC,2017-03-29,1.10772118528
2618,^GSPC,2017-03-30,1.11097246884
2619,^GSPC,2017-03-31,1.10846717311
2620,^GSPC,2017-04-03,1.10664693077
2621,^GSPC,2017-04-04,1.10726612458
2622,^GSPC,2017-04-05,1.10388358023
2623,^GSPC,2017-04-06,1.10601353395
2624,^GSPC,2017-04-07,1.10509871683
2625,^GSPC,2017-04-10,1.10585867826
2626,^GSPC,2017-04-11,1.1042730103
2627,^GSPC,2017-04-12,1.10012099816
2628,^GSPC,2017-04-13,1.0926240097
2629,^GSPC,2017-04-17,1.10203516174
2630,^GSPC,2017-04-18,1.09883553475
2631,^GSPC,2017-04-19,1.09694954777
2632,^GSPC,2017-04-20,1.10523948445
2633,^GSPC,2017-04-21,1.10188500177
2634,^GSPC,2017-04-24,1.1138295112
2635,^GSPC,2017-04-25,1.12061349862
2636,^GSPC,2017-04-26,1.12006921286
2637,^GSPC,2017-04-27,1.12068852161
2638,^GSPC,2017-04-28,1.11854447935
2639,^GSPC,2017-05-01,1.12048212336
2640,^GSPC,2017-05-02,1.12181443269
2641,^GSPC,2017-05-03,1.12038820212
2642,^GSPC,2017-05-04,1.12104038319
2643,^GSPC,2017-05-05,1.12562397561
2644,^GSPC,2017-05-08,1.12566612581
2645,^GSPC,2017-05-09,1.12451203813
2646,^GSPC,2017-05-10,1.125783413
2647,^GSPC,2017-05-11,1.12334855809
2648,^GSPC,2017-05-12,1.12168775314
2649,^GSPC,2017-05-15,1.12704550999
2650,^GSPC,2017-05-16,1.12627134602
2651,^GSPC,2017-05-17,1.10579774381
2652,^GSPC,2017-05-18,1.10987461943
2653,^GSPC,2017-05-19,1.11738569549
2654,^GSPC,2017-05-22,1.12315155267
2655,^GSPC,2017-05-23,1.12521576129
2656,^GSPC,2017-05-24,1.12801656585
2657,^GSPC,2017-05-25,1.13302715684
2658,^GSPC,2017-05-26,1.13337901842
2659,^GSPC,2017-05-30,1.1320137223
2660,^GSPC,2017-05-31,1.13149303144
2661,^GSPC,2017-06-01,1.14005969271
2662,^GSPC,2017-06-02,1.14428672737
2663,^GSPC,2017-06-05,1.14289336959
2664,^GSPC,2017-06-06,1.13971722302
2665,^GSPC,2017-06-07,1.14150459305
2666,^GSPC,2017-06-08,1.14180960824
2667,^GSPC,2017-06-09,1.14086191881
2668,^GSPC,2017-06-12,1.13974528515
2669,^GSPC,2017-06-13,1.14488725187
2670,^GSPC,2017-06-14,1.14374713778
2671,^GSPC,2017-06-15,1.14118560378
2672,^GSPC,2017-06-16,1.14150928876
2673,^GSPC,2017-06-19,1.151037728
2674,^GSPC,2017-06-20,1.14332964557
2675,^GSPC,2017-06-21,1.14266349091
2676,^GSPC,2017-06-22,1.14214268558
2677,^GSPC,2017-06-23,1.1439254739
2678,^GSPC,2017-06-26,1.14428672737
2679,^GSPC,2017-06-27,1.13504910125
2680,^GSPC,2017-06-28,1.14504668879
2681,^GSPC,2017-06-29,1.13519926076
2682,^GSPC,2017-06-30,1.13693978441
2683,^GSPC,2017-07-03,1.13956706351
2684,^GSPC,2017-07-05,1.14122317228
2685,^GSPC,2017-07-06,1.13053125347
2686,^GSPC,2017-07-07,1.13777018712
2687,^GSPC,2017-07-10,1.13882577185
2688,^GSPC,2017-07-11,1.1379344347
2689,^GSPC,2017-07-12,1.14624773733
2690,^GSPC,2017-07-13,1.1483964753
2691,^GSPC,2017-07-14,1.15376351004
2692,^GSPC,2017-07-17,1.15370246112
2693,^GSPC,2017-07-18,1.15439221021
2694,^GSPC,2017-07-19,1.16059434337
2695,^GSPC,2017-07-20,1.16041600726
2696,^GSPC,2017-07-21,1.15998912316
2697,^GSPC,2017-07-24,1.15875520231
2698,^GSPC,2017-07-25,1.16214244284
2699,^GSPC,2017-07-26,1.16247093846
2700,^GSPC,2017-07-27,1.16134021673
2701,^GSPC,2017-07-28,1.15978272538
2702,^GSPC,2017-07-31,1.1589382346
2703,^GSPC,2017-08-01,1.16177660766
2704,^GSPC,2017-08-02,1.16234895509
2705,^GSPC,2017-08-03,1.15981078705
2706,^GSPC,2017-08-04,1.16200178969
2707,^GSPC,2017-08-07,1.1639158388
2708,^GSPC,2017-08-08,1.16110564235
2709,^GSPC,2017-08-09,1.16068345443
2710,^GSPC,2017-08-10,1.14388320922
2711,^GSPC,2017-08-11,1.1453423121
2712,^GSPC,2017-08-14,1.15684584938
2713,^GSPC,2017-08-15,1.1562688053
2714,^GSPC,2017-08-16,1.157910826
2715,^GSPC,2017-08-17,1.14003621228
2716,^GSPC,2017-08-18,1.13794382705
2717,^GSPC,2017-08-21,1.13926685849
2718,^GSPC,2017-08-22,1.15059205965
2719,^GSPC,2017-08-23,1.14661838316
2720,^GSPC,2017-08-24,1.14423976698
2721,^GSPC,2017-08-25,1.14615393056
2722,^GSPC,2017-08-28,1.14671218992
2723,^GSPC,2017-08-29,1.14767866407
2724,^GSPC,2017-08-30,1.15297537201
2725,^GSPC,2017-08-31,1.15957151648
2726,^GSPC,2017-09-01,1.16187041443
2727,^GSPC,2017-09-05,1.15309735538
2728,^GSPC,2017-09-06,1.15670508176
2729,^GSPC,2017-09-07,1.15649868398
2730,^GSPC,2017-09-08,1.1547768301
2731,^GSPC,2017-09-11,1.16729380144
2732,^GSPC,2017-09-12,1.17122051708
2733,^GSPC,2017-09-13,1.17210727254
2734,^GSPC,2017-09-14,1.17081711341
2735,^GSPC,2017-09-15,1.17297982498
2736,^GSPC,2017-09-18,1.17468759078
2737,^GSPC,2017-09-19,1.1759917235
2738,^GSPC,2017-09-20,1.17673771134
2739,^GSPC,2017-09-21,1.17315346538
2740,^GSPC,2017-09-22,1.17391342681
2741,^GSPC,2017-09-25,1.17130493196
2742,^GSPC,2017-09-26,1.17138946131
2743,^GSPC,2017-09-27,1.1761747558
2744,^GSPC,2017-09-28,1.17759159447
2745,^GSPC,2017-09-29,1.18195470057
2746,^GSPC,2017-10-02,1.18653359728
2747,^GSPC,2017-10-03,1.18909513128
2748,^GSPC,2017-10-04,1.19057760011
2749,^GSPC,2017-10-05,1.19730053861
2750,^GSPC,2017-10-06,1.19601507566
2751,^GSPC,2017-10-09,1.19385694534
2752,^GSPC,2017-10-10,1.19662957376
2753,^GSPC,2017-10-11,1.19878770362
2754,^GSPC,2017-10-12,1.1967656452
2755,^GSPC,2017-10-13,1.19781653376
2756,^GSPC,2017-10-16,1.19991361517
2757,^GSPC,2017-10-17,1.20072065145
2758,^GSPC,2017-10-18,1.20161198861
2759,^GSPC,2017-10-19,1.20200611487
2760,^GSPC,2017-10-20,1.20815659099
2761,^GSPC,2017-10-23,1.20335720797
2762,^GSPC,2017-10-24,1.20530412987
2763,^GSPC,2017-10-25,1.19968373649
2764,^GSPC,2017-10-26,1.20120847
2765,^GSPC,2017-10-27,1.210905853
2766,^GSPC,2017-10-30,1.20704007181
2767,^GSPC,2017-10-31,1.20818007142
2768,^GSPC,2017-11-01,1.21010362689
2769,^GSPC,2017-11-02,1.21033350557
2770,^GSPC,2017-11-03,1.21408199957
2771,^GSPC,2017-11-06,1.21652155019
